-- phpMyAdmin SQL Dump
-- version 5.2.1
-- https://www.phpmyadmin.net/
--
-- Servidor: 127.0.0.1
-- Tiempo de generación: 13-02-2025 a las 18:53:19
-- Versión del servidor: 10.4.32-MariaDB
-- Versión de PHP: 8.1.25

SET SQL_MODE = "NO_AUTO_VALUE_ON_ZERO";
START TRANSACTION;
SET time_zone = "+00:00";


/*!40101 SET @OLD_CHARACTER_SET_CLIENT=@@CHARACTER_SET_CLIENT */;
/*!40101 SET @OLD_CHARACTER_SET_RESULTS=@@CHARACTER_SET_RESULTS */;
/*!40101 SET @OLD_COLLATION_CONNECTION=@@COLLATION_CONNECTION */;
/*!40101 SET NAMES utf8mb4 */;

--
-- Base de datos: `mantenisoft`
--

-- --------------------------------------------------------

--
-- Estructura de tabla para la tabla `activos`
--

CREATE TABLE `activos` (
  `id_activo` int(11) NOT NULL,
  `nombre` varchar(100) NOT NULL,
  `tipo` enum('teléfono','computador','portátil','impresora','timbre') NOT NULL,
  `estado` enum('activo','dado de baja') DEFAULT 'activo',
  `id_area` int(11) NOT NULL,
  `imagen` longblob DEFAULT NULL,
  `fecha_ingreso` datetime DEFAULT current_timestamp(),
  `id_usuario` int(11) NOT NULL,
  `NPlaca` varchar(8) NOT NULL,
  `id_areas_especificas` int(11) DEFAULT NULL
) ENGINE=InnoDB DEFAULT CHARSET=utf8mb4 COLLATE=utf8mb4_general_ci;

--
-- Volcado de datos para la tabla `activos`
--

INSERT INTO `activos` (`id_activo`, `nombre`, `tipo`, `estado`, `id_area`, `imagen`, `fecha_ingreso`, `id_usuario`, `NPlaca`, `id_areas_especificas`) VALUES
(8, 'CNCAJA005', 'computador', 'activo', 1002, 0x89504e470d0a1a0a0000000d494844520000010f000000bf0806000000e09259ff00000180694343504943432050726f66696c6500002891636060aa482c28c861616060c8cd2b290a72775288888c5260bfc3c0cdc0c320c460c5209e985c5ce01810e0c380137cbbc6c008a22feb82cc6a3aa77677ea46c1e8636adfb2abed5c7370eb0303ee94d4e2640606460e203b25a5383917c806e9d14b2e282a01b2e700d9bae5250520f619205ba408e84020fb01889d0e617f01b193c06c260eb09a902067205b06c8164882b07540ec7408db06c44ece484c01b241fed281b8010cb8825d140ccd0d7c751d09389c54909b530ab303145a3ca979a1c1405a0888651882195c1814180c19cc190c187c197419809697a4569480143be717541665a66794283802433755c1393fb7a0b424b54847c1332f594f47c1c8c0d000a40e146f10e33f07816d60143b8f10cb9accc060f1868181b90a2196b29c81618b3d03837830424c7d36d049ef1918768417241625c21dcff88d8510bf38cdd808c2e671626060bdf7ffff67350606f6490c0c7f27feffff7bd1ffff7f1703edbfc3c070200700b6d46b7d2cd8c3f800000056655849664d4d002a00000008000187690004000000010000001a000000000003928600070000001200000044a0020004000000010000010fa003000400000001000000bf00000000415343494900000053637265656e73686f745bfee9f1000001d669545874584d4c3a636f6d2e61646f62652e786d7000000000003c783a786d706d65746120786d6c6e733a783d2261646f62653a6e733a6d6574612f2220783a786d70746b3d22584d5020436f726520362e302e30223e0a2020203c7264663a52444620786d6c6e733a7264663d22687474703a2f2f7777772e77332e6f72672f313939392f30322f32322d7264662d73796e7461782d6e7323223e0a2020202020203c7264663a4465736372697074696f6e207264663a61626f75743d22220a202020202020202020202020786d6c6e733a657869663d22687474703a2f2f6e732e61646f62652e636f6d2f657869662f312e302f223e0a2020202020202020203c657869663a506978656c5944696d656e73696f6e3e3139313c2f657869663a506978656c5944696d656e73696f6e3e0a2020202020202020203c657869663a506978656c5844696d656e73696f6e3e3237313c2f657869663a506978656c5844696d656e73696f6e3e0a2020202020202020203c657869663a55736572436f6d6d656e743e53637265656e73686f743c2f657869663a55736572436f6d6d656e743e0a2020202020203c2f7264663a4465736372697074696f6e3e0a2020203c2f7264663a5244463e0a3c2f783a786d706d6574613e0ae576f9f800003643494441547801ed5d079c1bd5d19f6b2ee7de7deedd3ef7eeb3cfbd17704231c594d093407a20095f0884100824210dbe7c0904088184104a68eef5dcbb71effddc8d3beee59bff482b4b77bbd2566925bdf7fbadb4e5d5d9ddffcecc9b3793d1b9f788ab74f532d1d52be48b9491419491cd5ba67e77ae5ee5be5ee48dff5552145014481805f80dc5cbca1bfe7d9162f54581862f6e93ea44da532033001c593e2244141013dc50e0e1a39ba5ba92c61408ca06fcc28a9810e5c58d1b91a2f5818143c416052071bb1daa214501030a04c003ef2bc043c417839cf1382dfa0e34140d40e2d111d586a280a2402c0a04390f641304493c8010402c5ab715d7118d3aea9aa240bc28c0d31ac1a4294dfdfe6eaa5916ed8e79fedfb449236ad3aa05952d5b96b2b232e9dcb9f3b479cb76dab3771fef9ff3bc7dd580bf29700d3ca49f6044801e3c759b9014e47e0cdbf63bb219763c292e94299343eddab6a181fd0ba95f9f5ed4b85103cacc0c634e79145719bc0f1ffe82e62d584c338be6d192652be9e2459e3a5729ed2890d1b9cfa8c837526c3e60f711793a2e9481de2533c7b829d8a25cb9c4d713d037e35e25f595ca952b51c306f56940bfde021af5ead6a10a15724d8d09dcc78e9dbb69f1d215b46cc52adab8690b1d3d765c00c654052a53525340073cf8c5d40024de438b061e82170c6a021ef1ee58eab5d7a25913ea5b58404307f5676ea3b52b03dcb4792bcd9dbf88a6cd9c435bb66e5720e20a55fd5b893e7810bef0105de2f885179d0b388f129294463be18434ce433ba9fecd52a062850a02127d0a7a503f060de833bc4a57ae5ca183878e3047b29ce6cc5d442b57afa1e3c74f78d59caa374114280d1ee8085ed4ab2c1ec4d3645da669d9582dc3c0604dfa04710aa0a692190a942b578e1ad4ab4b43870ca05eddbb52f3e64da952c50a668aba96e7cc99b3b49d459bf90b978a78b36dfb2e3a79ea64b07e3c6771fc40b9362a551128a00f1eb8a2892ef1bab90a3c40755752c306f568c4d0413474f0006ad5b2199bef449dfb76a54db39514efddcf8ad6053475c66c5abf710b7f9f989b94a481081f6bbb662b55f912428128e0c1fd910568dacdf5b87f62a406ce2352bb1f6a155c90005a9cfa136ad8ff3b39d9d9d4b54b47ead6a5130d1ed89767491a5276b60107e793e15cba7489a77cf7d38acfd7f2cccd325ab5663d1d3b7e2c788f811e0a417c72ab0cbb11033c30b38197360e3752c003ab6975be92d27c506489475f0cc9e59f0b98426ddcb001f5eb5b407d7af5a0fcfc5654b95245ff74d0424fcef2accd868d5b691e8b36f3172ea33dc5bbe9ec9933166a505913410163f0406fe2f9b58f061ed217051e2043b3a68de9ba51c369d0803ed4a471239c4ab974f0d0612a9abb80264c9a4e6bd66d50b3363ebdc319e2cfc3485400eba8890a5e7ff1a128153f1e0694c2146d1a2a4babb01d46139e1929e8d14d449206f5eb516e6e790322a5d6e9b3676147b28b96af5c2dc668eb376ea6a34759b451c9171460f0187ed57086035d8c07f721a20aeb3a8cc003628bccfea4cf4c4ba386f5d9cab380060e28a4762c92942f9f1e8061f456c0b275edba8d62d53a77de22dab57b0f5dba9c3ecf83115d12793ea373c150060f035d037a261c07df24b1fbf0a8ab000f99a205f7a1d306faa0cdfee85c4e95539d3ab413eea2b0774f6adeac49aa0ccbf57100480e1e3c4c0b162fa5e96c90b67ce52aba704199c8bb4ee8181532780c09701e46f615a840b80f880da2b98c51a58dcb1a7818f541c023ce7627368661b508ccc0f3ead466eea22f15b2f116f419301757c93c05befcf20c6dd9b65d6c4820de6ce1857bc74f288334f314b49833242564b09d47afc10c1e2c32445d5312872f3f802393373dd643e33abc022f8bf4739abd41fd3c1a32b03fdb61f4a736ad5bfa7e5ad5e978e3597edbf69d3475fa6c9a3e6b0e6ddfb12b9e4da77e5b021c900ea062088107c4065e9026170d68e039f7810ef126fe3cc264178deb10e5ad479c8fc190dd3a9dc974edd1bd0bf5e46d40bf3ed4ac49631e6ad818dd6a48d513a200ec48f6ed3f484b97af94f5362b57ada593274f85aeab1d1b14c0075eb6c0b31be03c504f890bba555f81d7720f8db404d10020e85cf0e51245294023b98023272787c06160797b418faed49a390ccc9ca8147f0ac0447e03aff8851b81858b975131fb2381b8a392450a6496e1d7f2da47ef1a78e06585d80010314af1121fc23ae8999ec5688c0ecf639664ccc86122924087a192ff28b0771f9bc8cf9e479f4d9c4a9b79f5af4a6628007c88944ec2c0832b88c57d68228497dc879971f8284f2e4fa1e6b76945ddbb75623d463f0278c0f3964afea7c0f9f3e7692beb4896b32f12f82359b77ea3f823f17fcf13d44359f11ed077a00725c00317820a11bdfe89e4a02c3d411aac1fe9dba727f52fec4d6dd90ea3629c57abeadd1e75ce3e05a02381356bd1dc85a223d953bc4f79482b49ce12cc45247820333218f9d4c075e13e820082e3344aadd99fe7a8e183c51f86124952f7c6c38e642f2fda8387b4c9d366d2ca556be8f2650f757dc9424aa8133400e13eeb8087e23eb47b5989179a356473f042e630304bd28817a2c5db1f86d617f59f180a40b1ba75db0e5ab864998837f09076229d676d043c6054aa0b1e388b198f4006dd5b96e2ba8ffaf5f2c4a7e710b8e8cb6fcd3a0cd632ab94f6140047b26af53a9acd8bf6b0706fd7ee6266c4936b16d0f14dd46644194474380f540fee2396c93ab37129e44fb46387b634a06f6fe1309a376d22c80a4aa8a428a047814b972eb3eb80bdb460d152d191ac65656b5a4cff326f4104d5861e78e05a09d906a74a25e13e60f7919cc80b6e021cc620b6c38001574b76d157bd7ab552c3542714056251e0e4a9532cdaeca4f96c47b2848dd2e0513ea58144f0215b87f3d028251922e775b54ba17f592c07e569f200485e5e1d1ac8fa8bd123878a48e227177d21baaa9da4a600f422d36614d18cd97353d3441ed8c0dc4769b12574db3883ac35810823bc4ae84a68474cd6011efed54467656551c7f66da9175b790e19d44fa65873725824534951c0630a5cb87041b81004c68278032bd7132734e7cf1e37ee75f58c0951c0835bd7a6658cc0031d14bd0783878fb80fb8e88313e0be1cf5ac277b0defd0ae0d55ab56d56b72aafa15050c2970eaf46976b5b885459b25ec6e7131c1caf5fcf90b86f993e1420cf0608e030002058901f371cdd358e2b98f7a2c92c0347cc4b041ca1f46323c7de9da4796f277b233a35973e6d3cc597369dd864d49396b131d3c707363711f507724c8cb5785dc5c6ac8e6e08849326c487fde6f40952bb2136023a04bd787558ddbb71490b836ec3a000e8db0686f2347dd4b16d1c6047804b90fe1400cee81e83e3c741654a2598824053dbbb3a5672f82f72de540a704815c3ac4830df6fa10477fab5dbba6ac124e7777882e9156b79a2b6cc5ba82ad59e771c8ce4f264ce15014fe766a141b3cc4940c4a53882e069f7499b6f5d6641da6e1c3d8790e96b8376fd64497f8eaa4730a202c240ca096b157aea2390b08b23a66a4600c95cdf161c68e194e0f3f742fd5a851dd7963aa06430a60adcd8e9d7b68115bb622fe2ffc91e09c9f9209f0e0ee8a5519c08341442fc94c2d83878bf16dcb73a8444cab42e989b8242d5bb01d4635b6c330c02fbd6ea973b12980b8b2709ab37acd3af150be9a832feddd7f807d821a2bf3ba7180a9271fff21356ad42076032a87630ac08e64d3e66d1c8a629a2cde3b74f8089d3efda5e37a9d56600e3c4c731fcefd8cd6e42f1ad6918c1a31843ab34892e5f3c8674e6f4022cbef67d0f8cbdfdea45945f385c3b0d297860dead37fdf7d833015ae521c29c01feab51bd88b3cfb23993465061d3878288e8d473665123c82854a78128aac8a8f6cea3e3a776c4f7d0aba074cc35924510f6429caba72020bbad670f882652b56d3daf59b68cdda7574e1fc39db75bff0cb9fd1f0a1036d9757059d510053bd1bd97604be48e06e11716d4e9d3aedac520ba5ad8147cc991786459979893e6d0b70c8ab1b10490a7a76a5f6edf2a986320db770dbcc6785aee234af0c5dbc7425fdfb834f69337b173fa5b1bc0e0369dd36eeabf4e31f7edb7c67544ecf2800ffac9b78a666d2d499b2700f62cdc58be1e12820ef8b7ec1b53e5834b544e3d88c140f38cf1b14ab3a4663f5f2ea8a7bbe61430628d370d76ea17e45d065cce7d8afff7aef13567eaed157b689029cf558362d8493ddc8499f72c97916338e58a385ed49faa158b6c283fcb4997369cbd61d61830abec33aef67582653bbf6c0c3083f344cc1754e65ca94a17c76fcab9986434e2e5fbe5ce0a2fa759d0250ac6dc3022d36859e326d16ed3b7098c3941b28b9a575cca2f1cd0ade2fab1d42dc1995fc4981a61ca2f4c17befa4bb6e1f27a2eafcc5cbd9186d330309fb23397e9c3bcd131c0e9335f010b4629144fb62e935ce79eab14802c0c012f72e9d3b283b0c3d3ab9758e5ffc5d7b8a99cb584273e62da4f5fc80607a5512ee93266aeab5271c2200c4def282f66ddbe8d5aacef98802e5ca95a51eec5f17dbb973e769d5da0d4137020b69cf9ebdfa1ca9c9fe5bd379a0520d384ac4956dc4865ba3470ca4211c5bb545b3a69ccf640f54365b1438ccd3759399bb008701f366c324d3ecfc8d90fba6930b1f04cd2bbece65a353d0597dfcde3f482d3234a290bfcf5fb9729576f34707363db3d99ee7f3d56b2d773810abd6aacc1b0490ba753954224fab0e67d3f0268d1b52b52a55146858be05e60b206a3c8062364fadce2c9a27d374313d59e15e45e33ed03ceebf2c703427bf40fc7cfa89c784ab34df7b95d3af148072753d3f5750b6c24c1ece9fcda48ccebd875f0d7c79cc3d38a814ba8c7beeba956ebee17aaa55b3869976541e0714408800283f3ff8e83361392d57a5814754eec39c8d0e74588fffe8bbbc5239df72375401ff530033347ffbfb3fe995d7de8ad959e667a150c3d4aa39f080a9f29ffff03c75ebda2966e52a83330ac0da73dacc22fa948313395a2c05b144ac830d64490115187b418429fd1cc070af658b66122ef3ee3b6e21b83c50293529804887df7cf01eaa58a102fde1e55708b3764629a8303578a8744a616d4957364f56c9030af07b0b652734e2fff9f0135ac2aeff5d5b1c25a2294418a37b8df301e529f6b03ca07bb7cea2f4861d4e1d5e1857a54a650f06adaaf42305ee1a3f2e60123f799a61f782e051fa6ba357025f1c54aa5cf7e951c7d9394477ffe0a30934816f96370199718ff1153130271750c990250123d91f4a8fae9da9195bfbaa94be14b8eb8e71f23c1a5180c1c3bcc882699feaca2397112d2d9fdfce7e1c30c53a61f274dab67d074f9b399f7b37ee0483878824fc1fc67d94e3d0988d1ad6a3debdbad1c0be056c97d342859a3026625a5dc90c7b4ef4069e6d45598a871b86482a39a300d698fcebdd8f1834a6726432739a6d672d726900070cc258af91c9be69ebd4aac973ff1da990d714b56dd3527c75386e4355905214387132babf55060f3c50e61296692396a7d2b49ba357782ed06e66d1427af7c34f69d59a0d3c3b0a1706e16b0fc2737bb35f954d98870d1948d78f1941eddbb652e2a737644e995ab10e2a5a0aea3ca26589bcf61a4fe334659b8e31a386455e5047a528800568bb77efa589536751d1fcc5b4ffc0a130edb579d02e55b1851365795abd39c7a4811e63c4d04154ab560d051a16e897ae5931d3f7af773f8c3a7ccbe081da7efdbb97c5935441cf6e512b4fc78b30da02482c58b48c66cf5b2ce6c0a51cb7c40137a09feace4acfaf5c37820a7bf7526b8ad2f161b43966e8e29e79fe77e282325a15d6cdd3c36a037880052e2ce891f6d3783b77eda1a93366d36713a7d11ee83134b3f0307a8576455484d8e2ae82b41c4faf76e5b544a3860f16df2808d4ad92a280190ac00fc82af626079b22ac91c23a9858c91178a072b0c58dd91d5d1b56baf5e52f1c16c455ae54895f9e584d27ff75101ca105a74c9fcdeb03e633c771905548cc56404bad5975ea0d13796cac27d1abaa62c50a54b7766db6c9e82462098cb9d46a573d4aa9731114e047103645f8d04d9f39877da52e97b52e56c2643a068f880ef1019c13c3906c2c73248d382c422a2658dd01a15f7dfd6d7dd64eb80eb6a710ab4e1d0a0870f014b9d535456155d5e6d912f845193d6228b5cd6f157645ed2a0a1853001f37781f9bc9eba3e0c610def1ed26d7c143eb08cc5c5b3090f4644ea4378b376df35b53b2b3d1e03226f3e2a1cfd811ed3e76126c983491c5689e5ce33a447c31aca5d4853ab56b8943e8c103fb52b72e9d943d46290aa9137a14387aec78c0a7c7c265121b66efdee20087ac97d9c239cfc023bc0ff072d48643278c1a3e44b812b0dad949e2d81848bd79cb3689a30117f8a6561cc6048fe0223413e0016b5ef8cd18ca6127a0630267a77cbc863f5d6a5f8f02172e5ca4edfcb19b3a630ec78259273e6b2f4be806f7746d71018f92836bc32b33a1d41b34a0afc4942d79dd17c72c134201faf6bf3f6047c1ebad7549f41d3c91a5a7f7e17acd44d80368002ceebcfd66760eddc35afb2a775a5200e2341c5c4f993197a6cf9a47878f7c1149077cac34ae37f28aada38480077a8af72a97ddd8c1e0acb0774fead8a12db5607b84dcf2e56d0dc4ad420847b074c5e7f4de079fd88f210af0c83498058f011ecd9a3616c5f357c78e1245b45ac1ead69d4dc17af8593a7aec18eb30b6d2a2a5cb690e6c890e1ea10b170d66f1a063d3f46d2e902361e051b2ef9821e8cd212421cff767f785f19e318078027f196fbff33eedda5d5cb27bd68e2d8247993239046e6c0c2b3f31763859524951c090020c1a9bb66c95783b008d55abd705b2c6149719540440b09ecd79f20d78840f05cad6b66d5ac96cc2c0fe7da87ebdbcf0cbaeee639dc9eb7fff177df4e92477d6ed68d3b458bdaa2bb680750ce83c30ad3a9a835b21c01594a12a290a185100718361878169d5b90b16d1e1c32544121434051e0010b0bfce932fc1431b16e4fe6a55abb092b50f7df791875c75a48c98acf37845ebabafbfc5f3db7bb5269dffcb0d0470e83bcca9c0dee35b366f44b7de34566c62aaa955cace699e8a35f0fb8d8569c56c87318b7d8cce615fa308030a10314cf2ece5e87fb450084689f870b9940c0473976a77580d44094c337df8f14416632a488065985d3b4d137909fcab6fbc4db00a753f81ddd0633988c592c134ee86d1d4b17dbe5a5fe23ee153a6c61d3b77d10c56784e9e36935d35ecb4302efde74e2a1066c31d8e43eb90afc143eb24449847be7e2fdb3538038e25cb56b26fc67fb093d7d55ad59efe837302508c1e3e903d721588372e4f1b549527250560a90cefe558b10e4b4f27865b06df2da68bbbc00142fb1e3c6058f6c837ee73041c0806fcd2ffbd266ee6ad98dfda7a121930b2b3b2a9b04f77ba6ee4105e9cd691aa2af77db64899ca85ce9c3d2b715310f660312b3d37f08cc9b973f6e30607b8dd289c8710d35d00f13d78c0b0cc899d0382ff7eeb7b3f71cf17a8c1130d2e03e1347bf18cd170361befd5a38b414e753a9d2900310462f344b723dcf3f367cc7580e2ee02076af435785461cbd407eebd03fdb49566ce9e473ffbc5f3d1954cb66a0e140247818878f09301a7d01579bab97c39b65389f50170d0a62a9a5c14387a94ed3038003544652c9e8472fe92587a7a318e680f5e1a81078ca31efdfe23b6e3c2cce2853f8ffdcfd361ce77dcbb59984a1e3e7420dd387634b563d3f1b265cbb857b9aa29e929004bcfaddb76c8b4ead2e59fcb142b94ffde26004734f008cefe85b204fb237ff6fae65bce03c185b062d44efafb5bffa63ffdf96fae2cfed1da0798c1ddc04d5fbd8e17a7f574a483d1ea54ffa94381cb97d9349c97314c65f70cb0c328de6b7fb5aa2daa8440c1a034c41a89d1847f0d2cb47f94d1f6b57f9ce31405f47c0b1e37df783d3bea8d4591c0f8c27f118611ca51b790be52c58a62f50ad068ddaab944cb0b6f4feda72f058eb119c116e630162d594673d9347cefbe03749615a18949785762bc2f02206179801372a80106fe7993c3e0b9a0d3ecd098c2c0c497e08160434307f50ff5d7ec0e6ee0638fbb27aac040ed969bbf42b78fbb21ed3da599bd07e9900fae19304b327d5611c778dd9cbc430ee188b613fcd70e31b21058e024034a06d6c7c8057f2a4c6ffaca18c2b27d2be9e0a1c3f4ccaf5e7455c781e9b41d3b7613666c7a30a06567fb126bad9049e5b5410158757ebe6a2dcd983d57fc61c0635cda24e156b4d132805c85f574802bf1dddb004330acb2b592ce9fbf404f3df39bd24b90ad54a29317f56259fe6a9665a18319c96e04e0b5ab46f5eacaa1b00ebd52e9145cf41517ef971912186ec129f0e92fbff4ef10c121802b10bd8687dd14ae24c09af80e3ceeb8f546cb1ec7a64e9f2586365e910c4666d866f1541b1cf120c8f798914379e97c4faa5ebd9a57cdaa7a1340018824507ac25b1cd695244fd2c4097eb123b805ef46e02bf0a85aa58ae5783078a9ffc90e7be2952e5fbe2c01a811841abe475ab56c4e051caab1a04737d92fcf0bdf544a1e0a1c3f7192d6aedb4058ba306fc16271c7102d32bc6f47a6711ea2a360d122a43c059878d36b5f8147974eed09ce70ac2404a6d9c46e021391a013c19a046cf005d2b64d6be1467ab107b0babcc43e87fd74a8e43f0ac0480bc65a335987019164150738f2ce702b8ee3170061f1450044430cfe878a420ec3cec9093ed64e85f298efafafc06324af3ab5924ef057e3dfef7d64a5886779e15fa1e8f002593f8346f23914c5c8613e77b5e819357c5831bf1c5bb66d17c32dac5675d50d839f860b1010b4901d0687203a040fafa105f2f1359c0fe5415e0d4db4ddb0633e159e7c031e88ffd2b471a3f0bec5dc876c7af1e2c598f9129161c3c62de21eee15f617d2b17d5b098cd5b1433be1ace2ed252d11e3f7439b70e7b065eb765ac66e2561718cd5aa668219f9a1efaef541b890f0da422872ed64084034a0e07fec5e0d3b96dcda310e7801a89cf3c10fa642b1b0cc6c3a7ffe3c7df8c944b3d913920f866a58c5bb7071c0e57d45f649d2a37b6709ff88287bb56bd76443387da74109e9708a340aa567113bcf29e2c867986255c904050464c280256c5790447043030ffe676ec537e081405156bec8b0eb40f09a644a98eac317105b168346630e18deafb040dc2db6e3b8362ad9a300c20c6c605b1cd861c0786b4fb18b9ee1ec7529c54a3192089868881200115f800796b37760a73956d2a2c5cbad64f75ddecbbc780ab603d83e993085001e2378b11d666fc081593592f3dd003dee1082870324e6702c1d89a7b3679f3b3e685dee373cdf0de61023f051fb06afb94a8d1400135f800756a936a86fdec9314416b0a4561302265d3f7a387fa1e6598fc562b5310bf9b14602d384d820c668cbfc0b7bf7b024ca59683269b3eedcb59be9b484264d9de15bd370e8effaf7eb4dc3060f10ae12c45eb068690a8147e0f1f10578003872cbe79a7ea0111ac14e7804445dfbda9db7ca06136378a286d275edfa8da6dbf63a236c0c96af58251b4232346ad84094ad857d7a8947792ba29dd77d8d47fdd01941240187017085df59b7163dbad9ff32fc01141194b9c7fe2c8a96b4f701779d6ac917e0d19a435186cf10c52232ccc5edf8791c32b05fa8eabcba75e8aef1e36403904c9b51249b9f8004b23cfc4260fb84036bb7e4a0587d19447a74ef428d19544a3ea0a1c125f90e9605c0ba13ce9c962e5fc9e0b1c597a6e1008c4276cf307c080306c7dbc9cd4d6cc0b278dff6848307449676ece0d84a5af1f91a2bd9252f74088893a297002477df718b6c08602d1c09af6959b77e935ef6849c8368032b486c48ad782cc3f82b07406cdac4da1477420660a25170153366cd61d3f0e9cc61ec365122fe597272b2d92d260306d37e208b26b9b9e639e6f8f7d6db16130e1e0882ddd4a255e92e7ec8aca6b6266733a0ac0c0712e1486616f90a4830f6cd6cbf80edb5bfff935a346b4a3d991b29e8d59d5ab3c215344d867492bd866f62177d30f5c72cc9ae3dc5beb4dbc16aea3e05f04dcb806171563019ee83dd3e261c3c6ad6a8ceecb83e47a03728ac2dd9cfeb59ac26bc5456138044d391802399c2fa117c19fdc491c0e809a216b6f73efc94dd22b69655c9701a0d5d521956def929415f010e0376188b1934c049f9752d89e83058e93964505fc71c861ff5344e9f8b848347ad9a35a856ad1aa6c771e48ba3749243445a4d986971920024f7de759b6c7e05122c23c75a0d6c2ffef1ff384c675d1ad0af8fb8124040f1442500fea6cddb0478a733f8fad9341cee2086b1f77b38a34a37e5b4d5e723e1e051b78eb5a0ce506edaf95201a4dc4ae14002d7739a68b37e837f7424182bfa8685831f7f3699dab3a366b0dcb02369c63a92aaec25cdcb844046b0f45cb078a9283ef7ef3fe84ba5a7e69b16220982ac7b25f2a9d9160f9e36abe0b1a7789fada93a88475e247cddefb9eb56d9342099caca564c2ffa2561ba132202363cc4586b3364503f992168d8a09eab26f2104930a53a8b7dc9da516cc78366000c2c8780d2130ae72a2a28972db23be33cb4b9eb528b6fccf7c58ac80213593bf61de84d0d8fc0237ca41140c2deb3a7b2a2155c899f8004b237a2ad63fbe3cbaf50bd7a7912481ce24d87766d2ceb4810e50c6e1aa1f084a527c0c38f09ceb4bb77edcc220900a32fa900e3ceef9275f010c0c8e09679c33e800387da3260317f971f53bd839361b3e9e4a953b48f5746da4935e2ecf1ab3e2b2b351d09381270237e031298c8c3c4fbad7fbd2726f2b02329e08877ddbb7592199c0a9886947b1b49717808c798c05d2ce4650208cc0ca73a7e4ce030a0c3805892480e43294ce5e9e0a7292393f7b0712af97085bb6a0f71240013de42c752527e2a55323fad888565fb0f589f69b9d65a62f6c091684052cc62d7348d23d9e49f857df08db28c2d5bb121b5672ea47f616f0693aeec46a0093b7fce92c87b53a6cd92d5cc58eaeec704b10ce6fd008ba12c9ac583e3344307a5f30068c89615855e4134097124c81a040f0d6882208295a5583864364176dfcdb60056939536acd66d357f03d631dc7bf7edb269400213798424f4535abb8ea77f797b95fd915460033bdc3a587ec27b9adf125eccce1ddb050083a7566bd6f446bfe5b77127ba3fd6c4161159821c47ac9e4b5e2d93861ac1631c328054e0804a952d701e000f4c475a4d58a8e4c754124834d1c64f4072915df61d3f7ec21fe493c7083ff200512776ae84a0e258b354bb564d7ff4318d7a610d3c70d3e406ba40210697ba756b1382599b4df8ea5dbac45ea2830f8fd972172f5ea2032ceea03dbf2600c97d5f1b2f1ba6a3274e9ec166f245bee3481246bfe087ab03cf140d67b018396c605271184ae7a1e92c5c00104c11fee05b0f5832c4c9ab5b97aa56ab41c7f025bc7a999f630612ad4f519e6a80cecde3efa79f3dfe031a316c50949cfeb884b536f7df335e362834b1d64694ad3ed291c493523070c32c09149f75ebd48a67d3aaad2814c8e8dc6bb0f9a911a07f06eb3b44616a1f41f25bb7a047bff31075eddc3e4ad74a5f8271d8ffbef20f7afdadff306800381840f06f213d78ef9df4f0d7efb550c23f59c1914ce045633091f79368e30585b01609e208e2e3a48248027f1e8f7cef275e902a61755a030f7453539a46ccb69807926183fbd1734f3de62874e32713a6d1332ffc8945980b4100318f7f18c275ec10e899277f8cdda44d30f19ec2c1ae66cc9a2b8bcb927620611d4754be216c168ec87c98a14aa5a4c043bb9b227f820b016868c011b62fe7b5ccd7fe07f42da0179ffba9445dbb76d6dedefb1f4da4677ffd27068f4bbc59030fb408cbc2df3eff737b8dfbac148004624d32ea48dab02f178823d81a36a8ef33cabad71d051e86b4d40084334400079f0f020c1e92bffcf1576ca8635e416ad85cf0c23bef7d4cbffedd4bb6c003553cfabd87e98edb6e8ad54c525d87052e800433377eb5c580311a7c91c016a371a30649455fbb9d8507fd87bf9bdcdc6ec9b15b175b4ad6a0771cc292c04e666616bdf9ea1f6571965e7627e71e7ff2599a3c75a6ad2a1054fbe3f7de14e7b4b62af07921008936fd9b5820c920ac6ac6b4eaf0a103a889c5f83c3e27b3a9eea52278645b9cf5344528b109939c0171a217c72a699fdfc65c598bb96efaea75347fe112c22a4eab098e947fffd25fe9f9679eb05a3429f2e3ab0e0531b6bdbcd666e294e96cdd3a273e1c09739cf0bf8aa879d78d1aca2249bda4a099579d4cd1a95a7007d6750666890cf77ff7b01f8c906ac46c4193f910b2a02b9b2317cdb5ee4d1d4dc0dcfa3eb6f8c452f5544e586bf3e07d77c986c56bd3826b6db6b07f54375383faf568f488212296b4606e43a5000552d43c1d16a3b099f026356fda847af06a46af129c00f7eed5c33678a05fafffe39d94e53ef4e8de84834d694002d106000a273d76451bf837c1942a96f98b336bbd46d3fc5c6a721e62b361ced8cacefd47d4fb8ccc9012c44e1531cbb4b5e840b96485584e7ee1c205cbcbd14bd6938cc7106d1ebaff2ed9e0741862cd1ce6e262799187021c9ec3e171ab0d4fb1aa947e1460f374bcd8de711f5e39e109bf5535d94b58565616c1dd9d9d04ddc79c798bc428c94ef954290345a6a623c1980020f00076e8f011764c7c89f2d8bcbf0e5b7802acfde61b3555ee41328d23001ec1e9543bf612b1061b0f1f0a582e5e816366c01bb7ddb478e9f2b4078f92b483eb426c2a39a7402aea3c32038a4c701ede8816f158d19ac17dcf71b87276439aae1b71fe5aa81ad29502408d802197989dbb0f2027d8fb97d7e92aaf6fc1727d2709debdaf5cf16ed6c949df545945013f5220001ed2336fb88f43870e7b3e6e882bf0a5e9245d62bf15070e1e7452852aab2890561408030f701ddae61e0d8ad938c94ea8042b3dd8c74a3d37d2f1e3fef4c3e9c6d8541d8a026e53e01a78086ef061c4da14e7cdc10869fb8e5dce2b8a52c3ec39f3a35c357fe9f8099f78cc32df65955351206114b8061ed2051cba0b2087799a6fe2e4e99e0d10d389f3162e76a5fe53a7bf74a51e5589a240490aa4a29158247808f7e1bee8f211472c832d8517e9bf1f4fa043878eb85235a67b555214f08202a939555b8a52ee83c7b163c7e97ffffa069b91b83b9b0147389f4d9a566a04764f601d8e4a8a025e50c0ed67df8b3e5aad3392f34069e83c1cba19d4eb04020b4d9a3243ef92ad7358dcf5f473bf65b3f28bb6caeb156ad9bc99de69754e51c031055251242e0d1e422606108ea9e2b6f2f4e7cffe46166039bd132b57ada5fb1ffe81ad65f8466d630d8e8a8a6e441d75de2905f6eedde7b40adf95d7070f99716147c72e5b9d627dc44f9ffa15bdffdfcf2480905d6abcf497d7e9e8d163768beb962becdd53f7bc3aa928e00605109e33d5923e78c828a1fb703f61f5eab32ffc9e7ef0e3276d0545c622add56bd6db763d6834a241fd0b8d2ea9f38a028e29e0a760e78e0713acc0183c446feabee8a2751c0e61fff2ea9bbc5ad39ace0201abdd9e15412021c437554951c00b0ac0674a2aae9dca8cee440cd8628c2f4e097d904dd7cf9db336858ba5f7d55d8e78ff75f667a192a2805714f880c5f4544c8c0cd17c6060e625b879307a28297372722cd79ce762d4b07cf64da1f41d966f812a60920267ce9ca54f274d35993bb9b231e701db0b03fb0b517b78c37dc068064e71cb94b10e1ef093e94682bb80177e999ace8fdda08faac339057ef7a7bff82750b8f3e144d4c0c8c0c011cd784b741f822211059d1e40fc8077ed4c4c095b4c6e45137beaa78fa674a0218b6455d95da6c0d2652be9838f52536401a96283874cd7723699be758fba3939d9b603fed4a95d8b9c5a837e75ec281ac55ebe555214f08202274f9ea2279f79c18baa7d5367506c89a6f7e0be8ade031e0bdde340ca96294bf0ba6d2755ab56952a57721679ee9187eeb3d3b42aa3281093029804f82647873b70d07b5f36313be3618680cc00b14522ce476b49e49768192c5d43d849844db0931035dda935e8c3dffd11e1eba092a2809b148013eeef3efa535abf61939bd5fab2ae0078a06becca8f089b5162f0100ec41deec38963dd460deb5375e63e9c24f81979e85b8fa6ac32cb096d5459fb1440f8d325aceb4887740d3c64c6258af2543003d9dd010f4c91da4d50b656aeec4c6c41db9b366fa53bee7d982d5d77dbed8a2aa72820143872e4288dbfe79b12643c5d48720d3c44743198b2d5a8e1d26adb9a35ab1322a53b494e15a65adbfbf61fa03bee7998162f5da19d52ff8a02962800d3f35bee7c9052d1043d1a21ae8187e48a25ba7026115d4a148bd682ceb586f5eb53630e79e82455aa58d149f188b267ce9ea56f7cfb31fa33fb1c514951c00a05de7cfb5de1388e1d3f6ea5584ae48d44018dfb8866f721e6eace4497fc362d09d3ad4e5285dc5c27c575cbbefac6db74f703dfa68329ae25d71dbc3a698902e058efbeff5bf487975fb1542e95324782878c2c06f7a1294d1d4cdb76eed8de310dedced4c46a78cddaf534eece07e8ddf73f8e95555d4f530ae0d9b8f1b6fb68cdba0d694a81c0b075c0832f60e625aafa03c5f48bc6a266195ecbd2be5d7eac6c31af57a95c39661ebb194e711c98e77ffb27ba79fcfdb47cc52abbd5a872294681cf57af15053b9e0daf7cf22613c9d8f2ab4482c822520938102380e00c509ecaf46e54942951391196bfd7613b0da7c92d8569b47e6cdbbe931e608f6503d9d7c7771e7e809a3669142dbbba96a214c07300f164de0277bcf4a70a994a830746263a0f80074042902472bc387535782daa7ea44431aeab7fdf02cacc3202a5c8fcd18eec2ca88b565fb46b880b836d349bb33ff28dfb6c5bc6466b435df31f0576ecdc4dafbdf94f9a30c9bbd021fe1bb5f91ee9838794d7380f1df0c07501158000731e2601a472a58a3462e820a9dde90fc49f78a789ecc019db989143e9b65b6e5011e4e37d03e2d4deb41945f4eff73fa2152b57c7a9c5e46cc6183c447c814882cd004044ac01c898135d1ab265681d977c716427003cb45b3c81835861cb6fdd524064ec9811da25f59fa4143871e2a4dcd3b7df799ff61f3898a4a3886fb78dc103fd109d46503cd1eb9745eec3cd97cc0f7130e05aeea9677e4d2ffcf625d68bf4a1e1430752ef5e3d6cf928d123af3ae72d05befcf20ccd2a9a4793a6cea4454b967b1e53d9dbd1c4bff6e8e0211c8526be18750ea24b6cee03eb51f062b995fc14810b46669a48935bbe3c0d1ddc9f060d28e4f176a7b265cbba3564558f4b149855349fa64c9b4553a6cf72a9c6f4ac263a78882e032209838398a6eb11099c09665e90cf587c81abbf7a7975f42ab0752e8b95ae999919fcb5306ed356c50e0b01483e99304536f82c01800cec574803983371ba98cf61d7d2b638388c39f31612220cce5fb4c4b2dfdcb4255c8c8147070f29cc2fa7882f0c1046aa0f6d56c640718a97e8765630daf11a66d4ffaccc2cd6d982eb89e18bc4a882389c479c9a39f316c946bf7a913a76684b7dfbf4a27e7d0aa84deb1671e841fa3671e0c0215abafc73e12ee62f5c92be84f070e4b1c12396e2148022d3b6e03e20be944e053dbbb9eeee0fd3bde03ee03f215912e2cd60c31a1a84908068d3ad4b27ead2a9836b8ae464a185dbfd84b5e7aad5eb68355b08aff87c0d7df1c551b79b50f595a0406cf09002100d000c8822a793a038bd0ace04ff9162442e479effda9db7ea1472762a8b7d9f62693e91b5b82fce5a75aff4171cf10e91f3b021d5aa594340a46b978e3205dcae6d6bf71a4bb19af6ed3fc8a6e19b68ddfa0d84e504b0fc5429fe1430071e0208008f2040e8f53334f3c2f9c200e486b1a3e5ebaa57c4d13969cf508e725475220a1f3ef2054d9d315b36adfd26bcf2b85993c622e2b4e020dc8d1b3520387f4e2725ecde7d0769e7ee3dec996b0bad5eb7914163239dd03cc089f7bbe4e13cb5fb9a2affe6c003a315f105c0c05f7bc377169c00388f00f7518e671a6e1f77034aab6483023b77ed91909c33793a313c41e4a9572f4f8024af6e1d6a503f8fead6a9cdc779b69d4a87d71fcf7d840f958d0380eddeb38ff6eedf4fc5c5fba89863bb16efe5f8ae19fc881a3e6fd079e159530012cf7ba6b5651e3c7093044070b38cee26ce5fbb76fd98e1fc90db7372ac7550fd97a600441e6c60d9f5524d1681f2184ce074a96a952a0487d1d5aaf23f6f5579832f9472e5ca05b7b2fc5f961d4a3bf78f72fcf8093a75fa349d3af565f0ff349d3e1dd83fc6d7a08700877584ffb17ff4580c1f18c25d4679de346ed7c61a2b3dbaa973d62860013c50314417808391ee0379703d93e3c996a36f3e780fab41ae8109aeba95602476f9d225b7aa4ba97a8ee005e5cd38f13dc964f37e9d7b531ea052b60c952d93c9ff0c2cbc0fa0c1b4f8790e527ee1fc85c03fc718d6f63115ea4912f1175c05b85da3e788cfe39ae4f5a417aa52030a58030fb941f812f066783303ace44d5f19235f3c83761d9fbe72e50a5d54e0618f8e86f78ee8ecb97374f62c83c115bf28a283bab6308e3662d03296a0f8a2002482345e1f80ea1613c00337d4286550030e2379f38d638d32b8721eb131fc60a2eeca60e25989f601d7fe75dbc63df649124080ae2d5a9ff018471d904f06935addb0071eb891463793efe1f85b6e9438b45e92ea1c7f2155b24301bc64daa6573eda4baa973f0ee7e459c33367d096701f3ca6281c95414975da0105ac838776230dee64ab164de9961bc738e892b9a267cf2af03047299d5cd15e32bca0461f069daae2724a538802f38c5206f470d132181554e7ed52c03a78484bf80a94165db076e3174ffc3068bc65b74be6ca9d3879d25c46954b8702d15e32410f9d32093e85e72d1aa80110b15c211a30267808a9d67ca62d62e326cacd8c0490dbc78da5d62d9bc5854698f253c92e05a28107aee1450cdb7cf14507a8c5b2e708f6dd2e5954394b14c82661f780ea914010bb16008876333379197a5fbaebb61b631773230737bd8b0da854b24301bc60519280064fc24588a77871b52d58361a1710a57a4797d085a8337d0a3c1cd1d762e12078407a61201000913b64ae9a20e054ab56891efdce436c365dc65c3987b90e1e3e4c3b1478d8a7a219d65ef2f0cb88c721a3e433c1c7a173bc2f97837942a063bf7bba25516f063e700008033b23dd82eaa4571408d879c8830200010762ada9dcf265e9e5179fe5204ece3da29b6d79e3a6adb46b77b1d9ec2a5f040562701e1179f940b2972ca31df3c382e7453bc40140453b17e24e700249fbc76ed8be5c33f123650020d1741b36ea35d1b4ca529a026146627802b05923fe133ffe3eb5cdb71fb4ba7497629f59ba7c251b329d8d9d51e5d0a7006e71e885d7cf62ee2c5712514ff020e21c1ad336d4aa3d5fc173564144b85d1d00917a20466bf5a32d95bca4401878586f064bed470e1f6cbda0c3122b3e575eaded93507b9123de70fbd5452b294de047af2df403200071d9e20b2fba369409175f8262b7d5bab81695ec51200c3c7023cddfc4ee5d3b7120a4075929aff760d8eb8c9952300edbbe63b799ac2a8f2e05f81ecbcbc72f5e9cef5d4477d0367cc0e099832ec3d24b8f31e079c586e70fc7fc67e1f9456e959c51203b70d370f3ccdf4078bf7afa891fc9622967cd5b2fbd60d13215eacf3ad9ae95c04b2a2f2b4ee1c5d3b6e0310ee395345d5b50f16ead590518d6e8e57e6e068f20829bbc81f019f1a31f3c9290a5f6880ffaf16793dda742bad5285f79e80734e008228670032086763e8c309e71295a5bc23a8435a876fd4e01060ff3cbdae1d9eac5e79fa6664d1b27645cdbb6efa2858b9725a4ed946c544024eca595dd30209141f3314ec14fad24881a5a0a5ed30ed57f5a51204ce7117ddc70d2fbd8f71f4e1870a077effff753bac87e2454f29202413009d74184e18bb42c5c48104cb498c511dc4af09a863751bb0bceb76403510ba88b3ea18029f06897df9a7ef9f39f2434c0f3a6cddb68dacc229f902dcdbba1712c020efc137af7c3d142db0fff0fdf4721354392cc4f524cf040d884df3cf71455ac5821a1e37ce73f1f8a4bbb847642351e4901018d1072f0b5f07d640d078bf063ec239957d207f2ab5f3f51202a78201cc0f85b6f4c3870c01130024bab94641408893e254125c9c6a1baab4b8170ed57a90ca3470ca1ceaceb486442f4f25f3cf7225d522e0713791b54db8a02a52810153cfefbe9249a36a3a854a1789ef8eb6b6fd1ca556be2d9a46a4b514051c00405a282c7490eaef3c63fdea1b9f317b12d59fc59cfc54b57d0479f4e34310c954551405120de14c8aadba0e9cfa3357af2d4298e62564467ce9c2598a407423c462be1ceb5ed3b76d1638f3f4dc7596c5149514051c07f1488091ee832b88e556bd671b4f78562595aa37a75cac9e1b81f1e25042c7efad9dfd0ae3dc51eb5a0aa55145014704a818ccebd065b9247b010ae67f72e74f71db7509f821e4edb2f557eebb61df4fd1f3dc9a106f795baa64e280a280af8870296c123bcebf96d5ad2b81bc6d2289e9541c842a7e9b38953e9f72fbf42473994a24a8a028a02fea68023f0c0d0b2b3b329bf754bbaef6be39923e94cb9b9b996478c18a7cfbff812cd9c3d97cdcfcdafb5b1dc902aa028a028e01a051c8347784f5a346b4ae3d909f20dd78fbe665c189e41671fe2c98f9ff825addfb049e7aa3aa528a028e0570ab80a1eda209b376b425fb96e240d1dd49ff2f2ea68a723fed7addf449f4d9a2a4bec5500a708d2a8034581a4a08027e0819143b1daac4963ead7b740a6782b55ac48a74e9fa6dd3c83b27acd7a5abe7235a9d82b49f18ca84e2a0ae852c033f0d06d4d9d5414501448190a445d1897bca3e4d59cda82ce80279bb0a1f0ccb4a5c9e9b0a26a5751405120448114040f00075bdd23121e9cd60850686881ff921b4e69d74374513b8a028a023128905ae0211eaec2800383170e44634300260c14daa11007c71a78f0bfec1a1dc7a0a6baac28904614482df0002ac48a942e00137e870128da31ef08b06827f0afed87e5d176b56b8a73095144eda40f05520c3c70e322d80a7377325444dbd1fe83d585f043db090315e164c28eb51615a0689450ff294a8114040f0fee54084bb41ded5faf2d0089b570167ab5a8738a027ea7408a8187f6e2868721f4f81694c2119c809b14fcf326d1d93cee83aa5e51200114f87f2736c412517bec710000000049454e44ae426082, '2025-02-11 20:48:50', 201, 'LC000000', NULL);
INSERT INTO `activos` (`id_activo`, `nombre`, `tipo`, `estado`, `id_area`, `imagen`, `fecha_ingreso`, `id_usuario`, `NPlaca`, `id_areas_especificas`) VALUES
(9, 'CNLTESO004', 'portátil', 'activo', 10302, 0xffd8ffe000144a46494600010101012c012c0000414d5046ffe1238b4578696600004d4d002a000000080006011200030000000100010000011a00050000000100000056011b0005000000010000005e012800030000000100020000021300030000000100010000876900040000000100000066000000c0000000480000000100000048000000010007900000070000000430323231910100070000000401020300a00000070000000430313030a00100030000000100010000a00200040000000100000140a00300040000000100000140a40600030000000100000000000000000006010300030000000100060000011a0005000000010000010e011b0005000000010000011601280003000000010002000002010004000000010000011e0202000400000001000022630000000000000048000000010000004800000001ffd8ffc000110800a000a003012200021101031101ffc4001f0000010501010101010100000000000000000102030405060708090a0bffc400b5100002010303020403050504040000017d01020300041105122131410613516107227114328191a1082342b1c11552d1f02433627282090a161718191a25262728292a3435363738393a434445464748494a535455565758595a636465666768696a737475767778797a838485868788898a92939495969798999aa2a3a4a5a6a7a8a9aab2b3b4b5b6b7b8b9bac2c3c4c5c6c7c8c9cad2d3d4d5d6d7d8d9dae1e2e3e4e5e6e7e8e9eaf1f2f3f4f5f6f7f8f9faffc4001f0100030101010101010101010000000000000102030405060708090a0bffc400b51100020102040403040705040400010277000102031104052131061241510761711322328108144291a1b1c109233352f0156272d10a162434e125f11718191a262728292a35363738393a434445464748494a535455565758595a636465666768696a737475767778797a82838485868788898a92939495969798999aa2a3a4a5a6a7a8a9aab2b3b4b5b6b7b8b9bac2c3c4c5c6c7c8c9cad2d3d4d5d6d7d8d9dae2e3e4e5e6e7e8e9eaf2f3f4f5f6f7f8f9faffdb004300020202020202030202030503030305060505050506080606060606080a0808080808080a0a0a0a0a0a0a0a0c0c0c0c0c0c0e0e0e0e0e0f0f0f0f0f0f0f0f0f0fffdb00430102020204040407040407100b090b1010101010101010101010101010101010101010101010101010101010101010101010101010101010101010101010101010ffdd0004000affda000c03010002110311003f00fd37f2bd68f28d698809e4f03d6b8fd63c69a168fba28dfed970bfc1172a0fbb741fad7e5d18367b86ff00d9fdb923af6ae5759f13e85a2e5679bcf9d73fba8be639f7ec3f135e17f113e331d0f4d7d435ab86b2b3660890db8cc8ec7a0ce431f7e40c57ca7ae7ed0f64ea23d0ac652589cc93ae368e790a09c9cfa91f8d7551c14e7b20724b767d7fe25f8957b242efe72697643a9dc037e2e7ff0065af983c75f18a3d0b4abbd4f42b717cd6bb649649b704116f5133a8fbcc550b30ce071ce6be7cbef88379aadc3dceb0f7176e5d8a838da8a7a055e00fc05539bc63a75cdacd6573a74b2c33a3c6eac570caea5581fa826bd1a59734d5d194ab2e87a669be22d6bc4da55adf6b7726e6ebf7892606d412472346db506001f2fa74aaf7380706bc9bc27e2bb8f0e68eba65cdb35ec8ad9f337eccfc8aa490413962a58fb935a571e3b9a5395d3b677e64cffeca2baa7839ddd9684aa8ada947c7d6c2de5b1d622037c41e3971d5a138247bed3f30fc7d6b88d35431bd653906e5c823d0aad74dab6bd71aba46a6dc46632ddf767231fdeae72c6de4b188c3160a97671f285c0639c7df3d3a577d1a5251b309d4528f9a2f2a807150e868268a5d40f26f24320ffae6bf247ff8ea83f8d25c41733dbb44ff00224cb8ca11bb6e70464162a4e08e4670723b1abd11991552140aaa000063000e00fb95af268649eba9d25ba654015cd7ed057df66d2fc15e115e024126a138f433b15427e801fceb4a3bad41471851f4cffeca2b37c55a5c7e34d4d757f10664b85863b71b59a2511443e550aa540f7f5ace34bdf4dec8253d343e788b6c71b4d18dc10e06dc302c7803f126adea1ad5bf86f455b676cde004004024799f3171f46c800fd7a57a98f873e118db71b305bd4cd3738f5c482a66f877e1099bcc934b8a663d4b34ac7ff43ae86a9b6b9aed13ed256d107ecebae41e37f889a678721d17641651cb7b23070c365b62419c8c9258220c9eac4b1f4fb47e3078ff0043f01f837c9898fd96fe56b288c60b3c72aee32951c16e7cc2cdd0103b915f2ef863438fc213c97be14b66d2ae264f2dded9644664dcafb4b752372a9c67920552f1fcfaa6ada0dcbebf24b78d6b04ef6e6e54b6c25724a171c64e3241cfad79789c1d39d6bc748f6378d7946367b9c0ebbf180c360f6fe19d3de4b870144b7202a205e8762b6e639e79c0cf5cf4af91bc41a7eb1aa5fcfaaea32b5c5ddc396776ea4fb0030001c003802bd02c3c4325bc9e5dfc4081c671dabb9b54f0e6b51641f2dc8ea3a57ab87c3c30fac11c75ab4aafc4cfffd0fac7c61f11a616725df883528f4eb2190137796a7db19dce7db9fa57c53e29fdaa6c3fe126baf057842c1c5dc312c82f2ed3f76eac324c51839c0f59303afcbc578c6a3adea5ab5c8bcd5ef65bd95870f2c85ce0f3c649007b0c0af9f3e2e58de591b4f18e98a56e2cc84675e1946f0f1be473c38da7fd9620f15f1f82c141cb9647ad52a595cf5af88fe24d6f5ed6bc393eab7725d5c4b75392ccdc045b59490a06028e9c015e91e1ef0559eb3616b7525dc9109a30ec4203824e081f2f3ebffd7af9e75492cf58d5f44b9d2ee2497799258a190909bda0dd2f96d8e36a1395276e781d6bf5cff657f01f803c69f06f4bd5b58d30dddec535e5bccde74a066399b1f2acaa0650ae4015ede129ab24d1cd5d5b54cf8bee7e19e9713858afe6978e4ec0b8f4e0a5616a5e03b7b685fecb3cd2cca5709b73907af2178f6f5afd98b6f83bf0da15671e1e3bdbe66617771f31c752165e7803afd2ab47f0afe19f9ed3ddf85cc92b7072972c5b6f4f9ccbce3b735e9c30f096c8e4755adcfc54ff0084530c36bde1f941216dc1f9bb8c96e83d71f85324f0add38ff458efe5eb9dd005c7071f77777ebed5fb876df07be16b2890f846d4a9030b25b3e473ea64abcff06fe163a311e09d39d8e70df628d8fd7f78e73f8e6a961e9ed61aacf767e1c41e0e94e07d975166f973f2051d06ee88c7ae71ed8cf39a4d43c2ed696f24c6ceee25001579241b40e325b11e4f5ed8eb5fb91a7fc21f8658763e0ad320e4604da7da671ea36ab7ea6b662f84ff000d9482be12d1863a1feceb5cfeb11ad3d9d38e961fb46cfe7ee4d3ed78db215eb9cb3b753c765e838f7ebc74a9a0d262930ab2161e803b7f5afe84a3f87de0eb65cdae83a6c5fee595bae3f28ab4e2f0f69316043656b191fddb6847ea105672a70ec35559f80165e1c49180489dc9ec202d5dde97e0fd41b11dbe9574f9ea56c98f1f50a6bf74e3b258c6d8f6a0ff0065401f90a90da3f5dc7f0e3f9573ce8459a2a87e2e5a7c3ff12b106df40d458f6db6720fe51d74769f0c3c7739c2f873535072726da51ce38fe01d4f15faed2dab0ea4d50920206467f3ae4961e25a91f97d69f077c7cca18685a82300480d6d91bb918c9201c8e79e067d457cbffb51f853c41e03f096dd6aca5d3e4b8b1ba68bcedb9243c6a71b49e85b193ebe95fbb1e59039c9fad7e447fc14c2e6496e34bd1d0176fecd50aa3925ae6f997007bf94b534e9c7996854dda2cfc61875e8dd8457c99cff0010fea3fc2b6612c145ce99374ec0f1f4ff00f5d4fe22f0b368f6ada5111bde8c348e464863c9553db1d3eb9af2df3af74f98ec7689d4f3f87a8ef5eaf2c65ac0f3dcdc7491ffd1f8e6d2d6595237b39d96170190e770da464609ed8ab5aa787e2bfd2e786f6569cbc6ebf37ddf9948e474e3355f4b034fbbbad13388e0226b7ffae1293f28ff0071f72fb0c57ce9f15be236a9a96af75e16d3656b5b0b27314c518869e41f7b711fc00f017bf53e83c1c3e16552a72c36dcef9d6518dd9d1781bc4662d4bc31a6eb777018ac22bb31cad22a98fcc8da330cb923055d4ed27ef2915fb75ff04f0d652ebe1e789f410e1c69fab9953072365c41110460e08255b9afe71201d066bf6bbfe0975e2522ff00c4fe1c671fe91a6d9dca0cf24daced03fe4b347f9d7b788c2a8fbc9ff5b9c34abdef167eccae29c163906c9002be87a552594f7a915cf06b9d099a51c169ff003cd7fef915636c6142a0c01d8565aca7ad4eb21f5add326fdc988f9ba714ec7380291583102acaae7eb57715c8f61dbcf35032e0f15a3e59c62a178bf034cb2aae3bd4e1d00e6a1231513922b36cb4c6cd2293802b3e4c609f5a7c8d542594e0815cf50d20280bb78afc66ff00828278b068bf1561b94b71772d8e9b66b0a3721657699d5c8efb7767eb5fb26b9615f869fb74dbc7e22f8d7af58cd92b690d8a020f2a56dd083ff8ff00359d1a5ed25ca5d59f2c5b3f32f56d5750bcb996f2e48696562ccce72493ec2b85d4b7dc49be57f31b1c70140feb5ec373e1368d8aece41ea493599ff08e3fcc19401ce78aecf6f08e873ba4d9ffd2f8bf559847af697728789567b76c77057cd5cfd0a57c3b7b3b5e6ab7976e4969a799cffc0a4635f6278826636d0dec40bb584cb3ed51f3320055c01dced6240ef8af8ca263248643fc4ccdf99cff005ae5c955e2df6d3f163c6bb3356de33d715fa69ff04d9d7ffb2fe37da69923954d4b4fd46db1d89554b95cff00dfae3debf372d572b5f5afec77af1f0efc7ff045d33ec493548eddbe9751bdbe3f12e2bd6c546f067261e5691fd33b32ff000d391eb163b9dca3deacacddabc889d6cd75718e0d5846e3ad63a4b9efcd5d47e2b64646aa30e2b42220e2b09252a715712e318a606d80306a272077aa5f6b0783daa27b9c8e682d13487d2aa39eb4cf3831c66a091b835127a971219718acd948152cd2919cd654b37bd632d4d22ec591385535f855fb495d49aafc7bf1e4a0ef58af1211f48e18d48fc315fb82f2fca6bf05fe24ddaea5f16be205f2b965975dbe00f5c6c959303e98c575e570bd64658e95a933c4ee6c779923c124723d715851e943cc60e39f4af44b3064d6974f9cfcf223f964f0586338fa8fe54cb9d344372415c570677fbbc434baea6d97cb9a927d8fffd3f80b51d634ad1d0ff69cd99181c431fcce73eb8e83eb5f235b20f35957a21207e66bba2d35cc8cec4b963cb139cd7270db986f2589b92b237e9c8ae7c920a3cc833095d237ad2238af4bf87bac3f867c61a26be84aff0066dfd95c920e3882e6373fa020fb66b8cb083701c60569c90831b44df75c153f46f94ff3af76ac2f1679f49da499fd55da5d8789594e410083ea0d69a4e7d6bc9be1678962f12fc3af0b7882761e6ea5a569f70ffefcd6d1b37fe3c4d7a6b5dda42a0b1e7dabc0507d8f4a48db8663c66b4527502b8cfed9b5438dd8c5416de29b0b83288f70f2dd90ee057257a919ea3d08ae88519daf6319492766ceebcfa9566c739af3ab8f1bf872c4137da95b5b63b4b32a11f9d62dcfc66f87d66583eb962db42e317319077360e3e6edd4fb53f66fb01ec9f68fcaa26b9cd7835d7ed13f0aed158dcf88f4e882effbd729cede98c1fe2edfae2b97b9fda9fe104537969e26d3a45dfb4b09f77c9b376ec2a93f7fe4c633fc5d29c2949e8872928e8cfa7d6e086a492e81fc2be499ff006c2f82369208ee7c5162bfeaf383393cff00acc7eeb9dbdbfbded5ceddfedb3f03e2524788a26383c4705c49ceec0e918e36f3f5e3de94b0d24aeedf7a1c6a26ecbf23ec59e7cd65c8ec7a0af8e27fdb8fe05ab65358b8940fee59cbfd40ace3fb77fc125181737d23003eed8b8e71ce3711dfa7358ba2fb9aa67da2c1fbf00d7f3f9717cba9788bc49a9804fdb757d426cffbf73231fd4d7e905c7ede1f095e364b6b6d5677da7ee5a2004f4cf32f1fad7e60785a77b9b17b89482d2cb2b31edb9dc927f139aedcaa9daa9cd984bf7763375fb87d3f54d27514e0c579103f473b48fc457a66a76e82e09c7cde9e9ffd6af30f19c5e6369d0742f79001f8367fa5769f1175fb3f0b6a769697ce51af182c78190a0f1938ec0f5f6ae0e2b85ead3b6eeffa1b64afdc95fc8fffd4fc88b0bab7b88da48720c676ba30c329f75ff39ae7e49229f52b89203b9776dcf624601c7b668692e751d6dd2c83daa1800959861ca96257007438c804f207e14f92d61d3af7ecd6cbb5005201ec4f27fc6b9f2cd2adbba2f1aaf0b9d8e9e808623b715a5711136f238eca4fe5542c4ed8172796e6a0d6b527b7b19634c0181bd8fa9e1547b9efe95f472d9dcf1e0f53d6748f8e7f10f4ad2ad345b2f17eb56b6b6512431410decb1c71a20c05408eb851d00f4acf9be327c4eb963f68f18eb32a9271bf52ba6e0fd6435e6fe1df0b5e788227934e7321862f364df2c71e17b9e704807ae338fcabd574bf077862e3c985019e42a793776ca0ec19639f9bd3fcf4af09cd23d549b3124f88fe31b9e2e3c41a8c99fef5edc9ff00da9550f8a3579c666d46e64cff007e795bff0042635e916fe1af06476e2e4db4324664f2b735ff0057f4023b4627ea38ed9eb5d32683e03b5b91677165602411f9a77ddde3a85c6ee592d5573ed9ebc75a3dbaec0e0cf0b3ac4ccdb9e77c9ff6dbfc683a8873fbc72ffef1cff3afa1ad61f87296b2de0b2d2c2c18cab25fbbb6efeea99232c3dc0f4ae8ed2f7c090cd6d0793a3c51dc004ca6c2ea44887a49baf0107db079342c47910e937d4f9685e215c2923e99a0481cf1196fa213fd2beb08bc5be1086292658f4d5d8e1001a344377ba996f24181d79c71daa67f883e1e821b29a36b656b9dd945d1b4a050072a0e5fccc838ed9c743c82287887d83d8f99f270f3db84b690e3d236ff000a945bdf37296937fdfb6ff0afae53e24e8e97171662e4a4cbb3eceb1e9ba4c7f683211b00cd8b14dcac08273d47ae6a93fc59d862820b9be1763789edcae9d0bc4632dbc7c96080ed55248e0e723b64c3ab27d0b503e575b0d6dce52ca63ff6ccd598f45f11b9f974db83f48c9afa87fe16db4d712259ea3abbc0909919d6ee189948214e512dc0db961c86cfb572fa97c755b4b7319d435937bbba1d466f28ae7820c7b181c7ae054f349f42f951f37cfa8b5a4af6b7492c7246c5590c5206047507e5af55f01f88b42b8b48f4a794c178e5c05994a2cbf313f216c027d475f6aa53f883c3be328352bb9f4ec6ac33713decfa994fdd8c6484ba9774b26d182017f5099c57312cfe0e95e4d1552e2d85c4d8469198880e098e5deccc449bb68250ec2b93853807bf2eabc952ed1cd8a87342c7b243a0cdaef8b743d371b80ba572473f2460b31cfb0cd76ff1d3e155d78cd34ed4f4de25b19364aaab976898e49033d41e9f5ae7bf66fd5e7bcf1b4da4eb604b7b0c1731ef3d44b16dcb0ffae918cfd49afb665d356552bfa1e95f2bc5d994e38c8f2f45f99eb649858fb077eacfffd5fc96d334e92d2dee2fafb6adccf99243c6138f9541f45000ae36e6f2ce3bd1717af34cc00fddc65467030436ee83be4735e95ac22ff645da75678ca201d4bbf0807bee22b85d4a0135c5c800193ccd8ec0727b1e7eb5e4e5b2729af33af16ad135878ae55b23169da6db26eced675691d46319dcc719efd3afb579ddc6a371a83796ca02872463ab67804e7f4adfd64a69ba70b65389aecec18eaa83973f90c552f0ce9b75a9eab0c36b134f3330291aa176772708a157924b6381dabe871118c344797464deacf71f08e91043e1d8643730b4d3cbb0ac5329ba8fcb04b2b45b830563821b041007738aea74cf0e477d6f7b612ba4771a7dbbcfe63fcacfe7322a228daccc412368e00f9892064d737acf8a34bbcbab4d3f4fb51a04ba63086e1239ae9cc8635f2dc49198d1436f5dc4e7a923be6ba79d65d0f589acf5370248d45bba322c855db960324ae79c16ce5718e31c7047b9d83d74bb2bfb2b8b56ff0046bbb048e240a8dfbe60d962484daadcf2cec33d06718ab8a23babc875b86336f790cfe61011238d7c8da23da3e5539da0ed09db92db88ab77170da56ad796e6ea368a7f2ed4985a2963206d6389395dbb972590f63c91d655b8fecfbfbad345f96b4bdb98d1de27260731e42b92232ccaa09230a0f24ed2718d2284c6dbc51c1143aae9b1491ccf0cb1ce24385dd36e56456f30b36e43ce42119200206e2ef2da0b492eaca00b6d769124b1b3965778d95c8e08ce1806c1391819e69f613c56f72b6573e735adcdcb3217f37cb566da0bf9683731d80670bbf68031c62b67c3f71f63d474dd3f518c8b2fb534c9f6a13983e4f9b9851242778010e2363f361b8c90e5a5f408453693763326b45b609235aa369f3ca64895989c29f919d588119c630582b7f77d6a0b8b7302c56d7091790c92181a4258c5148cce8c18a72a4b13f2280c493c66babd6756d3352d51b66812693692c0c90c2b99591950e308cf1a8dcdc96edd70c7838d626df6ae9ba969fb37c321492258de5322a928ae65911550918241dc072aac7831464e5152946cfb69fa686b8aa51a7525084f9926d5d5ecfcd5d27af9a4fc8ab75a6cd6b72da56ad144b308e2547652ae8e36795920166f970064e3047a549159ccf7ff0062945bdbde7da53c899d7ca612fccae872020c9392d274c70464e571713c726972e9d16ef233118fcbc165c603bee00646e24eedd9c71c9a63c7a9ccc609ac61f3114489cc4230eacbc31ce3eee7001ebd88ad3ee32121d3efa4d41ed3cc8e3bc5964810246a4b8030578f933907181c93c139028f2bf77118a5105e112f985546d9923dd2270700305cae075c0c0dc79bb1b6ab23b8b9b68a39a255920914c691891581e4f0090bc803d0fa511db789353bf16b6611ee55728117cc6663f7b6a2ab3138e7853d09a8633cd753d5ef74cbbb498dc799129df22b29446c31f9498cab608ee0a919e0f7ac7d4e0b6d76cdafec0a19ed572ca9921a01c77249319eb9249539ed5da6a1a2f8dffb552c527d97ecde5430a83f682efc6d58b679996cf002f39e01a6f85a0d7ef5aead401ae5e4811adc43713308844ffbf32410c4eb22ba128776361c1ce735839da572b96e8e9ff66cd4bc8f8b5a50bf2dbae1258377f79da2648f39ee47cbf957ea68b143f36d3c81cf15f9090477fe08f165a6a76b13c571a75c47750a4aad1b031b86f2e45203290414752011e95fb05e00f11e91e3ff000b58f8a7456cdbdda6591b05e195789227f4646e0fa8c11c115f27c56a529c2af4b58f57289a8c650f3b9fffd6fcbb87fb375cb468d1c4f049c1da4ab065391e8caca707b106a2b1f09dec963acddb6447a5a79d2bcbcb9cb80b9c0c6e6ce49381f89029de1fb296eaf2e75e68cc115d6c1144461ca46301dc7666cf4ea0601af6af893f103c1371f0ca5d034185f4dd5c45650dec91c2ab15f3db205625d5b715dfc8c8cb150c7d6be77095271ad18c136aeafe5ea7a15e31706e4ffe09f15ead30bed4de5c92917eed3e83a9fc4d6cd9a5c5a586db28564b990798379876039c20612b29181f364739239ac12817e66e73c9fce9d27917370d34d3c8c5baed8d474c00002fd315f4752a73c9b3cd84795247a4f85eed3caba875c86d56688af942da4b4807983905d8a39751c64291939e6bd1acae2e247b4b7945b8b753b9bcad84285c63955c038ce319038ed5e27a4496d693ab2c0b70a3fe7b2fff0012d5ed3a3ebc863509636a9f48cff56352a068a67a3f882f743b9f10db4be1ab69e3d0d76bf917b72b3cc1954025e5823847ccdb88f2d4151819eb542e16e2eae60f2e7dd0a962c32edb33f771bf9e39e9f99acc5d724c0c470afd225ad1b3d46c25dd36a3f682e7017eced0c4a140efbe3739ce7a50d28ab954e3ccecddbd4b66c6563ff1f071ef1e7f9b63f5a9974bde306f997fe009cfe2253551f5cf0f2e55adaedf1d0b5e2827fef8b74fe750c9e21d08c7b22d35f390417ba918f1f4c751c54fb57d9fe06d2a14d2baa89ffe05fac51ab169566ec2217d2ef6ce00f2c671d783fe356ce856c9cbddce7eaf1afeaaaffcab12d7c57a7d9cde70d26261b4a8569ae081920e78941cf18eb8abbff09f59018fec1b161fedfda09ffd1d43acd77fc054e845abb9a5f7fe88dbb2b3b6b2bab7bdb3bb78e5b639e645959b3c600312a8ea7920fd2b6e3bb9e2d7ad75ddd335c5bb8624943e60c6d2adb510018c8e00383ebcd63693e38d35e7441a358445f8dc91c8ccb9e3237cadd3ad72f7d7263b878371fddb119c9e71f8d5425cdba22b4631f8649fa5ff00547a16ad7fa86a9ab41adacb730dd42c49749195d81046ddd9ce369c7ff5ab9e964d6ec7538f5ad263916f202c43b4819dbcc3893e670c0120b7254f2735c8fda940e5893ef55ae6f13cb383d07f2abe489829b25f18df788f58d42e350b9122ec665b769fca79521c9d8aef02a6f6518f982af4e028c01c1dbeb375a25e4eda04d269d6f34512326c595d5d429908764190ee0b005415042ee6c6e3d2472091738c11f8573ba836d9d803c8ac1c15cbe766e47e2a835558edf5379dae123cf9f2866df3066c93c908ad1ed4daa36e5437526bea7fd9cbe280f877e255b0d52523c37aeb2adc6eced8263854b81e98e164c754e7aa8af8b565208279af51f09eac97308d3e5c161f74e3a81dab9b19858d4a6e12d9974aab8cb996e7ffd7fcd6f106af1e87a7968c6e9586151783f5af04bababcbf9da6bc6c9ce020fbaa3d07afd6bbad6efe7bdbb964e3777279da3b01efff00ebae692d72c005fc6a6386586a2a97da7b93ed7dacdcba2d8c592062a00193fad5882c1dbe6da723dabae8acadd0648e7bd5d46b789b685031e9592a96347130edf4f9411f2900575562cf6ca39aae6e31f7466a17ba7edc62aa326c9b1d18d41811c8adabab8305844e08dcea1bf3e6bcfe391c924751fe4576dafc90c31a44ee372a81b7a0e063f0aa90ae73577ad1841666c9ed54d3c449951c64f524d63dca2cc494208c739c76f4a20d292e87971f0d8f4c734acba8ee6f3f899b07cb0871f5348be219a53b5428207a552b2f0a6a92320c6c0e0fe59fcabafd2fc07a9c970a70b82070d9c1fca9d920357c32cf3dd239f9c13d066badf1024f6fa83baa9d9222498faaf3fa8aec3c39e118ed7c9778c6eee718157fc7fa6a46b617b1af3223c44e318287728c74e8c47e14464b9ac128e878cbdd5c072a46d20f71cd675d5ccdcae38c56b4c8caff007700f4aa735a9957e5e18f1c66b6b19b923353509953603d7df26a09448f976cb1f6aba34e9071b7fcfd3ad585b4900231827d7fa53b19c66ce93e1bfc3cd6be23f88ed340d2a1959677c3c91c45f6aafccfb7a29709960a58671c73807f41b55fd947e19f86fc3e9a35e789a3b0f10e9892dd1d4651e446d6eac49f3626f95c458c3edfdea865e194a9677ecf5fb4cfc2cd1acad7c37ae78674ff0005c96902c4b796b1bbc170117e732ca7cc9d2573b89de5d1c90a1a338cf8d7c78f8e1ab7c64d65b4ed2c4969e15b09336d0bf124ec990b34bd4838276267080e0fcc4e3c8ab3ad2a9cb6b247745412bdcfffd0fc82b7f2a688b677ef6c920f19e9d7dbf9d4edb23c945c62b3e5d4acf4868f4e784cef1a287f2e40369c720e50f39f7a96df5fd1266f266b2b82719e24ec3b9f9578aac4d2ab29b6d19d39c146c992a4a5db1d6a5914f50715877de35f0c5b425748d3a6927538dd3487cbe3d36b0357f466f1c788024ba7e896b1c6ff0075e5f34023e864c9fc05654b0d393b450e55631579334d1fe500d1d4e6bafb4f01f8dae5c3de4fa5d92770904929fc98ff00335ea1a4783349b4b754b9b75d4656fbcef0a463f0080607d49af4e8e555a5bab1cb2c7416cee78a585b4d71730a5bdbc97215d4b244b92406048e840cf4e6bd2a6f095e6baed349a35c45e61ce659e24233cf030c7f4af5cb482e2dd161b382285074081540f4e056a2c5779c49263f115ead3c8e1f6ddce0a999cbeca3c92dbe125a0854c90306272775c13f87cb0e3ad75d0f812d6d638d22b2b7c27acd2e7f1c422bbcb7db17cd2cd8c1e9906ac3eaf0c646d7dc3a1f4aeafec7c3f6fc4c3fb46b1cda6933c6c0476365b54701a49f81fa035a2916b0b83159e9c40e40dd21c8fc5c56fc1aad9cc72d129078f7ab63fb2a5719cc7c1c15e950f24a0f64fef2d66754c27d4bc611ae20b0b2013a6c01bf42e6b075793c73e2216f65269eaf862c91c36eaa4bed2339cfa13df15e829630cca561704678c9c1aaf3db5e5a8e518af5e32462b296434f78b2966953aa3c0b52f0d7886c24d97f6d1da9938027b8b588f5ede64aa4566fd816d1375eddd9439f5bfb2278ff0076735f414f711cd1986ee249e37e0a4881c63be43035c65efc34f86bab4a67bad02d91cf568818beb954217f4ac2792bfb32fc0d239847ed44f1f9350d0bcce358d3830e39bd801ffd0e9e358f0ca90f71ac69ea3daea23ffa0935da6b9fb3ff00c37d66d5a3d3eda4d2ee71f2cb0b9600f6dc8f9523f23ef5f34789fe16eb3e08ba306a312cb6ac488ae635cc6fedcf2a7fd93faf5ae5a9965486ad9bd3c6c1ec8f613e25f08aa9cebb63e5a9ed293d7e839ad5d3fc77e08b476f375db5656c7dc12b1fc8257cab3d9f9381b783d0e00ad6d144b05c2c8a0305ae5960d3ea6df5b7d8ffd90000ffe200584d5046004d4d002a000000080003b00000070000000430313030b00100040000000100000002b00200070000002000000032000000000003000000009158000000000000000000000000000012b100006dab00000000ffc00011080140014003012200021101031101ffc4001f0000010501010101010100000000000000000102030405060708090a0bffc400b5100002010303020403050504040000017d01020300041105122131410613516107227114328191a1082342b1c11552d1f02433627282090a161718191a25262728292a3435363738393a434445464748494a535455565758595a636465666768696a737475767778797a838485868788898a92939495969798999aa2a3a4a5a6a7a8a9aab2b3b4b5b6b7b8b9bac2c3c4c5c6c7c8c9cad2d3d4d5d6d7d8d9dae1e2e3e4e5e6e7e8e9eaf1f2f3f4f5f6f7f8f9faffc4001f0100030101010101010101010000000000000102030405060708090a0bffc400b51100020102040403040705040400010277000102031104052131061241510761711322328108144291a1b1c109233352f0156272d10a162434e125f11718191a262728292a35363738393a434445464748494a535455565758595a636465666768696a737475767778797a82838485868788898a92939495969798999aa2a3a4a5a6a7a8a9aab2b3b4b5b6b7b8b9bac2c3c4c5c6c7c8c9cad2d3d4d5d6d7d8d9dae2e3e4e5e6e7e8e9eaf2f3f4f5f6f7f8f9faffdb004300020202020202030202030402030304050404040405060505050505060706060606060607070707070707070909090909090a0a0a0a0a0c0c0c0c0c0c0c0c0c0cffdb004301020202030303050303050c0807080c0c0c0c0c0c0c0c0c0c0c0c0c0c0c0c0c0c0c0c0c0c0c0c0c0c0c0c0c0c0c0c0c0c0c0c0c0c0c0c0c0c0c0c0c0c0c0c0c0cffdd00040014ffda000c03010002110311003f00fd33d99a3655929e9498c57e587b8572b46dab3b69365080afe5e7a52347b57279c55e119dbc71482260079a4038c70319fa0e4d21a7dca023cf34890381994a8e4f232063b75ef597abf8ab45d17724f289261c7969f3484fd070bf5622bc9f5bf881aadfee8ec3fe25b11e320ee948ff007ba2ff00c0455c69b636cf58d5b5fd23434cdecca8e4709f79cfd1073f89c0af28d67e225fde168f4c4fb0a74123e1a4fc07dd5fd4d79dc92bcade648c6466249663924fb93c9ae635af1468ba10ff008985c059392b0a7cf2b7fc0474fa9c0ada14b5ee16b6e74d717135c4a669a469a47396663927ea4d72facf8bfc39e1d9edecb56be86def2f377d9ad4b033cc5465bcb8f3b8ed1d4f41debc9b58f88faaea05a2d2d469507f7bef4c47d7a2fe15f347c5cdf616ba378fc1679fc39aac173348cdc9b59cf9171bdcf25551f711ed5dd87c273cd464ed7339d549687d1b61f18e7f19e9d2de68303e8d6c97979644cdb5a72d673bdbbb704aa0664247538233835852c8f33b4933b4aec496663924fa927926bcd7e1ef976577e25d0235f2e3b4d5a4bb83fdbb7d4556e849f4695e41f857a504cf23a57454a5184da8a2632725729487f2aa320ef5a33704af523afb567330e879a8032754d32d358d3ee34cbf4f36dee91a2907b30ebf51d45780f87a79a159f41bc25a7d3dda3563ff002d2104847edd457d238048cf1cd7cf1afc06d6effb6edd77496cee928fef4258e7fef93cfd335dd846f546f424a69d097dadbc9f4fbf67ff0000a52e478c6003a1d326fd264ff1ae8b69c1e2b9ff00312e3c55673467729d32739facb1e3f9574d826bbe4b4470b4e2da92b15c20fa5480734e23bd28f7f96a52137d8e66fd7fb4fc49a769406e8ec14ea3703fda198edd48f76dcc3fdcaed5173ed5c7f85b376fa86bc73fe9f70561247fcbbc1fbb8f1ecc4337e35daa60e2aaa2d6dd870dae5a8463157947a0e2ab423a56846848f6f5ac5967b6fc28b75b6b5d53579484540a9b8fa203237e55f9bfe22d4ffe122f176a7ace78bb926bac1ebfbd918e3f018afd08d5ef47857e07eada9f0b34f6b3f97d897b83e5281f515f9b7a6af97235e9f9e3672b8e998d46cebef8cd3c053e6955a8bd08ad24b96268c7085e148c93d0fad5f80a231df1ec2a09e7a7ebe954e396da49d523915b271cf0707a1e6a7bf5bb411696a763dd9f2f279dab9c33fb0c743eb5d5caef663bab5d1a9e0f8e7737774221225e06209ec49c27e8335ada95f59e97a5adc431fda2e1a6681124257320c824f3c28eb548ca9a0456b3b3ec5b47198b760ba8e011fe26bca3c4fe257d4efa4b88b6fef092157ee2027ee8f53fde3dcd4d2c1bc455bdb40ab595285ba9f42786b49d22c2099ae658ef23861f3a7b9560cd25cbf251579240e9c57bff00c18f0c7f6df8a348b9bc83635abb5fcd0630ab143feab20ff7e42bf519afccd12dc939491908e9b09523e841afd41fd8cbc2fa80f865ae78c2eee67b8b9d6f513616b3cd34923c36965fbb98a172dcb4c1c8c1c9040ed5c59b65f2a14dd573bddf6ff825e1714a4f9144fabac3497f0b5acdf28bfbcd62fcdc4eee705a493059fbe238900551ed5c27c62d72dac74975b27579e756b28d50f11ab8df3301d8b0c03f5aefe3f1125feb179a15adbbb7f64c312b48df74cd28cac4bdcb2a80d2761902bf37fe28fc52d574cf1c5f685e1e682f6c347924b7f3650ce66bb91bccba99882036643b463801715e261b0b52bc9f2efb9d32ad085afb1e870464dbc56272cf33966279c0e157f219ac8f1af8d3c39e11805d6af742d8c11848204f9e69e4ea56345e4f1d7b6057ced77f107c73765f65fad81906336f12ab28e9f2b36ec647b66bcdaef4d9aeee1ee6ee492f267fbd2caccee7fe04d938f6ce2bd2a1923724eb4b4ec88ab99ab5a9ad7cce6fe2078c355f1deabf6a9a336363016fb3daeedd8c93992423832374383851c0ef5e6cd1b21e95ea971a2b6e271ffeaac1b9d1816242e3d4e315f5145c29c5422ac91e1d5bcdf34b73ffd0fd43db405cf6cd5b1116e9526c8e21990818ea3fcf4afcb123dc292c793815288c20cb9ebdbbd71fad78f747d33743687edf3838db11f947fbd2741f866bc9758f186b7acee8de5fb1c0dff2ca1ca823fda6fbcdfcab654db03d775bf1ae8ba386895c5d4e3fe59c587607d09fbabf8935e53ac78e359d5372c0e34d84f558c9de47fb5275fc060570ec557767b74af9a3e26fc69d4b43d50687e1af2647504cef9562a41c042790a71ce31935bd1c339be58206d25767d1d2cea24605b3b86ec93c923af3deb8ed73c65a2688185ddc2c930e90c5f3c84fa10385fc48af8d6fbe2d78fb50431c976f182083e5bc68483d7911e47e15c4a6ada9477535d46ad1493e0c85655f9c818dcc0ae0b638ce33ef5e953cae5bc999caba5b1f44ebbf15b5dd4b54fecad315749b56b7798b21dd707f78a832fd14104f41dbad718be648cd2484c8ec725989624fb93c9af27fed2d4d6692e10ec9660a1dcc99242e768e14600cf4147f6b6b60e7cf43c742d211fa62ba960adf0d918bab73da228db1d33f8553f11787e0f12f87753d02e937457f692db9ff0081a100fd41e95e38752d74f06e88ff00765997f91a69bed678cdd39ef933ce7ff66aa8e0a49f3290bda2ec4ff09b589af6ff00459ef091797ba14ba75f0f5bdd16e3c99377039c39c7b57d1f8c0e7815f2c476af0bf99108607dcefba34607749f7db3bbab7f11efdea722f1b21a7dff005527ff0067adebe15549f32760855715667d1b7002b313c6eac37bab746dad22afd580feb5e146da6ea4c6ff0058813fab5208261d2454ff007618c7f306b25805fcdf80dd6f23dc7fb42cb76d6b8847d64518fd6bc7ee6eacbcd9c34d090d23e4175c1049f7ef54116e13e55b89147a01181f96ca93c994f265727d76c79ffd02ba2961553beb721d4f2395d20e9d65af5d4424665488450b9c98c231dfb41e9907827d85764b776a7a4a1be809fe429a0dd9500dd5c28f40c171ff007c8a69898f2d2ccc7d4caffd08adf951a57aceac949ad6daf9f981bbb51d5cff00df0e7ff65acad5deeafad469ba424cf25d9f2e499237fdc447efc9c8c938e178ea79e2b6a2b25921b998dfcd6b2c223314219dbcf2c70c0b64edda3d29b25bf99cc9990f52d93b8fd5b393f8934e2a37bae864e365ea58b6b74b2822b4b7b49e38a2411c6ab19e154600fcaad0964ce7ec9727fed9e3f99159a969074310cfe26a45b088f0614739ec3b50e283999b8b78d12826da451fed3c2a7f23266a61ab0452041bb8ff009ef00c7e6f5869a640395b78f3ec83fc2a716a17fe590c8ff6454f2c47cecebbe2778a63f197816dbc1da246ba3f96f09965bebab75465846542f94d23677e0f20715f351f8777c614b65d5b4f458d42fee9de4e9ee1057b60800e59550fb802a4091ae48651dbef0ff1aaa2fd947961b6e44fded59e08df08da7e24d6ed13d0ec933fcaad47f09c248ad3f8a15f6aedc476972e48f4dfbfa7b57b8b08ff00e7a2e7fde1516f84706404fe75afd6eaec67ecd763c76e3e14d95e802ef5cbb95718c2da3f41d3ef35565f829e1c38f3356d471e91db20cffdf59af6e5319e15c1cfb1ff000a7889c9f911dffdd5663fa0a958aab1564edf715eca2f73c6a0f837e1388e45c6ad70c0f1bc4083f4c1eb5f45f85fc6be21f06f87b49f0c6813cba7e9da2c7e5db42b1db9cf5cb49b89de493924f7e6b122b2befe1b2bb61ea20939fd2a73a6df48322d2e7f185c7f315cd88a8eaab54775e66918726b1d0ea07c58f1cc7e688ae240672c5d952d2363bba9dcb1b104fad7cd3e35f0f68967a3de6ab6b64da7dc4424b9693ce32991d9b73f999033b8b1391ce6bdabfb1b59621a2b09dc138fe05e7fe04c2bcc7e20e65f086a0189884d16c00e3231200c0fbf159d04a335caad7b6c29ddad4f9fecf58b4940462037a1e2ba6b5fb24a0024293ebeb5e4f716b3472175fde01ce475abb67aacd6d8f9b231c86fe86bd7953baba6725fb9eb8fa024eb889b39fcab0ef7c2f7118394f97b103355349f142921558c4c3b3743f4f5aefecf5d8a750b38073deb925cf166a9459fffd1fd16d6be23697625a0d357fb4651c650e2307ddf1cff00c07f3af24d67c4faceb24addce522ea228fe5419f6ea7f1ac20a7773e9debcd3c5df15bc25e18df6e67fed7bd5c8fb3da90db4ff00d3493ee27e79afce29d1e91573dc3d231b87033f4af39f177c54f07f8477dbdcdd7f68de81c5a5ae24901ff6c83b507fbc6be01fda37e387c4cd4344b7fec3d424f09e94f71e4dd41a79d92ba383b37dc11e660b70766cf5c8c73c6781fc412f88b491a84f11529f2cb28652acdfde60096527bee18cf7af569e5f2e45566f433e7bdd2e87d4be22f8bfe24f139682d48d0acdb811c0c7cd61e8f2f5fc1715f1d6877b21f1bf8c2ca271b61d4d25da7a1f36de3079edf30273ea6bdaad8e19540ee0fd6be7ff00060fb578b7c6f7a79f2efa22c7d83bc63ff4115e8e0a0a2a765d3f539aac9e87b4d8d95cdda2cf15b5c3c6ebb95c46483f439e9569745d6241fbbb199c9edc2ff335dd7802695b4292248639c16921cc87050ef2415f70315eb7a732da2c3badadee7cb5da4489957cf5cf20fd2bd0a386e7576ce79ceda58f9bbfe11ed7df38d3dd7fde9231fccd27fc23baf1cffa0367feba47ff00c557d5373a97ee9a37d3eca0f31768db6f861b86014f73d8d73a21500068a539fbbfbb6e7e9eb5d1f534ba92aaf91f3a378775e5196b265ffb689fd0d529f4ed5212164b758c9e9ba41fd01afa2ef5122405e0b8457608bfba6e58f451ea4f615ccf8834fd435cb949decefc4f8da3165200e146380140e02f6f4349e1125743f6be4786bc57a870c90afd646ffe26963fb731212de398afde0923123ea021c57b00ff0084aa3d3d74e87ede6d515a3555b0ce010030ddb49ce319e72293678e2484451b6ae618e3112a4766ab84db80aa36ee3c7d4d547057eff77fc10f6bfd7f48f24d9aa1c85b4c63b7ef0fd7f8052343aa3090f92b1888a89331c842173850c78da58f001c64f4af592bf101f04cbe209036304c2aa39f947f08fa55193c1fe2a7f38c961aa309cab4c5caa8764f9977e5b0ccbd40e48357f517f653fbbfe0b29545d6df79e711e97afc91c724368f3acc8648ca5bccdbe356085d76e72a18edcf4cd69a7873c565c45258cb13b670a6da4566c63380ec338c8e95dfae81e341141108b54d9689f678516f2288448e41f2d46f52149c1c7233cf6ab0be10f154c51a7b3bd9b86dad36a487eef0c01321c60f07d3e8456b0cbe56d537f27ff041d48dfdd6702fe13f1444c91cd6b3c2f202554c2a09008191963c64e2aa5ff87fc47a62c6da8413d8accc151a54840249c0e41247e2057a53f8275999564f2a26054ed67d4d7eeaf5eac3001ebe86b98d5b41974e862babe86dae04ccc9b63bb69a4561c9de14f008c1cf7cfad68f2fb26ecffaff00b748f6baeffd7de720746d604b770b49b5ec55da707ca1b423046c1190e4311c2939eb543c898f0d7329fa10bfc857499b345555b18142f4c9738fcdb8a413db03ff001ef6cb8faff56aca584ecffafb8af6873a904a9822e67cff00bfff00d6a9960673f34d337d5f1fcaba48e789b9582d49f6453fcc9ad283ed4ffeaede23feec0bfd01acde19aea5a91cc25840482d993fde76ff001ad28b4eb1e8d183d3f89bff008aaeb618b5427e4b671f4b723ff65addb4b0f104e0086dae1bd9206ffe26b1950d37fc0ab9c859e95625c0fb3a37b905bf9e6ba58f4fb33f247631e3d7c907ff0065aeae2f0c78e652041a6ea537a6cb773fc96ba3b1f00fc459be75d0b586f716939fe4b5cd2a2fcca4ce0134903684b151ee21031ff8ed6a43a74f17fab8193e898fe95e970fc2df89b30f9740d5727b3412affe84056943f05fe2b4df73c3d7adecc557ff00426158ba0fb311e5cb6778083e5367f0ff001a9fecd783aa1181dc8ff1af5f87e00fc5a931bbc3d7083fdb960ffe3a6ba0b2fd9f7e27c514f1be8b6c4dcc4620d712a131e4fdf4c1386f7a8fabeb6b0f6ea7834705cc3223cf10653fc2f26cdded90723f0ab306d80ca6e23b6baf32268d44af9f2d9ba3ae0fde5ec4d7d1f63fb3e7c50b78ee2286cf4b22ead96d99aeae0168c060dbe2c2101b22b787c04f89725b35b3af87ac83a94668a38d9b69c6467cbef8ce7d6abead1b6e3e667c971585d4304c92410c8b218cf9cc72f1ec24fca471f30ebf4af88fe2d5f1b1f058b94c65ee608f07a1124a73fa735fafda97ecede2db1d0ef1a5d474f86282de4948cc8e4f951391c803b66bf193e34cf19f05d8c67a5ccf6ce9ebf2a19bff004115ae1e8af6905e64556d45b3c220d4adaedb6e442f8e87a1fa1a9a4b78a6f95c00dd98579ec8d8e4fd2af58eb1736e7616f39071b5ba8fa1af627876be138235ba48e99ed65873b7f789edfe1fe156ed35a9ed5b6963b4766fe59ff1a82cb54b3ba3b55fcb93fbadc1fc3d6acdc5a4370b961b1bb30feb5caddb49a355dd33ffd2f24f10fc52f1b78912482fb506b7b590e4dbdb2ac2807f772a03b0ff00799ab8446047a0aacb246e8b22386561c115189d7242d7c74236d91ec5ce73c67a3c3e20d0af7489304cf19d87fbb22f2878f422be55f0d7882ebc2d7ba56bb68e6ce582e869faa440e04916ec02e3904a02ddb395e4f35f643a33e5f8af91fe2bf86e4d275e96f2dd76d9eab9938fbab381f3afe3f787e35ece5d2526e94b6671e2535efa3ea0d4bfe121d1e5fed4d240d56cc61a4b2da03e09c97888e738fe1e9e82bc6fc0d14ebaa6bb7a6508350ba96e0c19f9b687775de3d46ee9db15e81a278b2ff59d0b4bb3b0475965b48c4d28e5cb0501827a7239635cf784534ff175d6b175140da649a45c08229636f9a429bbccf331c306231eb8e6b3a4a70524d7afde75ba9467151a8b5e8d7ebfe7bfa9f7a7ecabe0197e2126be21d662d05b4a78656f32ddae0b4775198c90a3a0ca91d0d7d8b1fecc36a2dfcb97c57fbb60aff258b8040c8046493eb5f24fec21ad1b4f893e21d252431c9a96851ce1549ce2c2e4e4803072bf6819c75afd5f492fd5095bb793078078c8183dc9c03d2bd4a127c879b523ef1f3bc3fb2e45a8cb15fbf8aee1a4b764f2dc5ac4855a3e5480f8071ee0835bc3f6679a28cbcde37d5ca2176c470da003cc20b955503193cf15ef8b69230f96f5a5dc012ab133e3b9033f954ed672247e6234b2488a42030bae49ce327d46783db15aaa92ee64e27cc9aa7ece7e1fd55562d63c53e21d496375650d0c60064e030c2f047a8abd69fb30f84ee104efe23f102fcc0e1ee9616057a10074ebc62bdd523f13dadd3b416d2dd2ab36c69660558741942a7f9fbd4a2efc5d2ef54b5b586452410c81b031c1e10120d75fb197f3afbcc7da2ecfee3c01bf663f86d6c8566d43c4571b9d8854bffbc7272dc0239c9ebd7357e1fd967e1232465eeb575c60859355915860e47dd03073cd7d0f63278a0c27ed096824e4ed0a4657b6d2a33f5c8ad02756200cdbc640e7eff5fd3b62a24e49f2f37e25c5df63e726fd95be0bcac5ae05fddb31258b6ad76c492724fcae3a9e6abcdfb27fc098a2df1e8d77aa49d761d53535e7d72b7039afa711756760d1cd6eabb7fbb21e7d41dd8c66992db6bcd1b7fc4c1158a90be5c6530c7a1cb16e07a639f5a51777ab2b99a3e63ff8656f826ad88bc1925ce70773eafac703e8d77f7bb62b753f65df808b8ff8a4b381d1ae3517edcfdeba3f8fad7b443a6f8a04f1bdeeaab751a9cba282bbbd3071c7bd749e5275c1c7a64ff8d6952d1d14afe9ff00042326f73e7c4fd997e0101b4f82eda5e3a32dcb75ebf7e7239ef56a1fd9abe03c4dbe2f0259a9f56880fd4b9af79f2633d41ffbe9bfc6a55862eeb9fa927f9e6b3531dcf1687e037c1eb53fb8f05d826391fba88ff3cd6a47f09fe1c5ba32daf84f4f8db1f297b6b7201f718e7f3af5a11438c796bf8815149043d7cb5fc850e6fa81c245e05f03dba28ff846b478d82804fd92d739efff002ceae47e1cf0bc03f73a369d0ffb90c03f9257581234fbaa17e831520008c715171a6604565a7c3cdbdada5b9ff7631ffa08ab5b88e0245f82b1fe4b5a817db34e03fcf4a965dcc92e7b2c63e8afff00c4d2ee94fdd908f6546feb8ad7f2f3c0a46426a1ec062b7da08eaff8afff006555d84a7a973f451fd49adb788e2aa3c47a0159b66aa57328c727de52df8ec1ff00b2d40c25ea4b0fc53ff89ad568fb77155a48f1cd62e5a151776678f37cc058e171c838249f5e3fc29c475e78a9f65214208ac2469b6a79a7c52d45b48f875e27d4f76dfb2e9577267fed930feb5fcd97c6a42346d12c4f4825dc074c6cb7f2f3f9135fd127ed2d39b3f813e397076b49a25dc4a7fda9136afea6bf9e3f8bb6d73ab6bba3e8f649e64939b81b7b7de8c027d800735ae1da538b7e7f918e25b71763e7dd1b45fed4b9796652b6908cbb63afa2e7deb27c4b6fa6d9cc9158a796fcb36092b8e83a9afa17c51a2e9de1dd3e3d32d94a98d409989ff592919271d30b5e3da95841788448b8603e561d4576d3c473be7e872ce972ae5ea799f98df7bb8ad5b4f10df5b90b237da107f0b75c7fbdd6ab5ed84d67214907ca7eeb0e86b2882bcd74b8a92d4e74dc59ffd3f8a51751d35bca0c6e61cf0cbd71fed2ff005153a6ab7119f962dff830fd3153e992c5ab58c37f6ec4c73a061ea0f707dc1e2b76dadc0ebf37b57cb4e1cada7b9ea45dd268c986ef53bc1b42345dbf771f3f9bf15c678bfc33717ba0ea2b7c04ce6179220c77b2ba0ca9078008c57af46154f02a86af12cb6ccaf8552a558f6c1183d7da9d29da49a1cd7baee7cf9f053c756f6aebe18d4c2c4b75cd94e463e62326166f4ee9f91ed9eb7e0cc2b1c3e2753ff41ab843ff0001e2bc434f3e1d5f0e6a9a1ead76ba5dfe99a8cb2e97322b4858139299407e52c07d0e08e95e83f08bc63a269167a95aebd7c9633dddd8b9569b2036e45562cfd01dc39c9e6bddc450bc6a4a117adbfe1d1e7d3aaaf1527b1f6efec81abff61fed15e1c859bcb17c350d399b3d9e133004fb9807e35fbba9ca06dc7915fce6fc25d7ed74bf8c7e12d7ece749ed63f1059b34b1b02a629dfc97daddf892bfa30b560f10f6aca37b6a5d4e8c9c29c73cd48067a546bc75e9d6a50702b439d80e0d472d9c172dba652e7181ec3dbbd3b3cd4e8c31c9aa8b0225d36d0b64c4b9e3b0278e9dbb54c34db400fee906793f22ff00854ab254cb267a56c9bee2b8d86d628536c4022fa0e07e5414fd6a51276f7a6939ef4d6e2b15dd71de9b8cf14f704fb8a4031562b8bb477a300734a45285dc680bb01cf6a0ae78a942f1c734329a0b2a94c1e29a78353b0351e0d002019a9146473c5462a407b54365264c067814e2a3bd421f1cd0d271c54bd8a070b549f19c8a91e4e7d3355598e6a069ea4720cb71cd43228db53646491f4a825c75cd73b3445609f852b2f62334a1a9c48c71deb266af63e5dfdafaf7ec5f027c41838f3a4b1b7fa89eee38c8fc9abf1937e87a2dcdc78c7566469ade0920b75600952cd96da0f76200fc2bf5b3f6dfbef27e0e8b5cf179ac69d1ff00dfb944dffb4ebf053e24cfa85ceb9e4c0cc218e18ce3381b9b24919e3bd1ec5d5b42f6444e7cba985e28f11dcf882fdafa7c4518c88d7a003ae4fb9ae2a5bfb34cef7de7d179a64d6dc9371306e3a2fcc47f4acc963b55398d0b1f573fd057a90a318ae55b1c929b6eeca9a8eaa27431456e1c11fc7cfe82b966b79000586d1efc574d348c1485023047f08c562ba6f6c9f9ab68da2b43292b9fffd4f8734443e1af115d7861ce2d2f01bab027b1ff0096918fa57781886e38ae43c796d27f6645ae5af175a44cb708475299c48bf8ad74d6d7915edb43796e43473a2c8a47a30cd7ced6fde4235babd1faaff356f9dceea4f9252a5db55e8ffc9fe83f55d6b4ed034e9b56d5675b4b7814b3337a8e8aa3f898f400724d7c6de33f8a3e21f18caf1798da569b93e5dac470597b19dc72cdea0614671cf5ad8f8e9adcf79e28874512136d616c8fe5ff00089e52db988e858285da7b027d6bc7e23d8d7b596e063182ad3d5bfc0e4c5621ca4e0b64598b8e0718ec2ae2673c1c5554ec6aec678e95ed4763ce96e7bb7c3dd57ec1a35bde990c3fd9974971bb38da2de649ff002c2d7f53fe1cd4d753d1ecb518f84bab78675fa488187f3afe4efc1490df69ba86933e596e0346cbd8a4d1946e7f1afe9a7f670f12ff00c25ff03fc0de24ceefed0d06c651f4f2828cfa70b5e3e2236a923d0a4ef4d1efaae0fb538376cfe754c1c53f756227b9683f14e56cf3deaba9cd3f35489658f339e3bd4aafcf5e6aa06cd3b3d3dab58905c0e7ad38487355435480d31dcb40e681e95086a990935498226001cd0bd47140e3a54c0679a7710d03d7f0a43cd58da075141504714cb455600fd6a060474e9578a01ef5130149bb0ca9fad0462a5c54783500318f151b31c548df5a80f271e952d9a10b540c706a563c9aaee7350d8017e3daab48f9a18f3c5577e6b091ac47673d69c49e951273deac0159335e87c09fb7a5e98bc03e1cb127067d7d65c7b4369704fea457e2478e742bbbabe9754b76f394ac6ad19fe10ab8c8f51eb5fb17ff000503bbf2ecfc1566a73e65cea5330f4f2edd141fcdebf2f351b63f24b8ca488b9efce2bd3cba929c9a7dbf538b1953962ac7cd8da44e7efb2a8f41cd54934c54386667fa57ae5de86b1cac10654f2bf4f4acb7d21464edfd2b0ab5e509384fa1a460a514e3b1e5e6c6356e1777d79a7bd80950a346306bbc7d2955ba0a77f674488772e2b178929523ffd5f952f224bab49ed651b9668d908f50c08ae03c017723f8796ca724c961712da31f68dce3f4aee1ae63619079af39f0ab7d9b5af11580f9563bd59547b4a8093f9d7cde15de854876b3fd3f53baadbdac25eabf5fd0f96bc7178d7fe34d6ae58eff00f4c68813e910083f9573f103e99cf4a975391a5d5efe56392f7970c4ff00db5614918e83debec6946d08c4f1a6ef26cb2809e0d5d880e3b5411464fd2b41230178f5adcc99db7822530ea0f1e4fce808e7b835fd0c7ec11ae1d67f677d1a197e47d2efb53d3427f762b4bc92287b0e1a30180f43debf9daf0d3fd9f54858f1b815fae47ff5abf72bfe09bbafc93f817c61a15c1c1b0f10896dd47fcfbdcd95bc84f5ef3f9be9d2bcbc62f7ee77e1dfb963f4c593f1a61e2832eea8f757122e44c0f4f4a901aacad938a9437e157124987ad49b863e955c38cd3c373c55a332c29cf1526706ab87e952e79cd581653819a9549fad5753c54aad9e2802e2f353255642735690f1ef40c9064f14e238c50324f14e6c0a2e5277226cd46dfcaa427dea1661f4a1b191b542c79a919b3d2a16a4c08d80e95136319a7b1e6a273cd41a2206155dfad4cc6abb9c9a8605761ce473559bd6ac3b62aa39f4e2b199ac0914806a42e00cfa5520f8a6c927cb5068bb1f969ff0504d549f16784b4ccffabd2f50ba03fde9e18b35f054e9ba016edfdd007f9f6afb0bf6f4be179f16346b40dcd9f87cc679ef73761c67fefdd7c9d35a8d99ee3fcf15ef6510bb93f43cacca5b2f538896221fcb719653deb3eead491f28c1f7ae96fa2200723e61dc77a825b669a35318c823963d01ff001ae3cfa9284a35575d19b65952f174d9c1cb010db36eee6ac47638525873dbe95b925a089b19273ebce6ac4706e5ce335e07b43d4e547fffd6f8e0ca070a2bcf6ddded3c7ba8467817d6714ca3a64c6487c7ae335d799c83c5717e2db6bc74875bd2807bed395c84ce3cc89d71221fe63dc57cd6124949c25b495bf55f8a3b6bc6e9497477fd0f946e583ea376e3eefda6723e9e6354b16775528f0cdbfa8624fe673fd6afc391d7a57db25b23c372dd9ab076c8fcab45571daa8c3f363fad69c6bc73f8569621b2ed84862ba8a4feeb8afd6eff0082706bc60f1b78db412d917ba669d7aab9e86de59e2723ebe6283f415f921080ac3d88afd08fd8375f6d2ff682b1d394ed1ace87a8c0de845b3413819fa9e2b871d1b24cebc24b74cfdea4978c8a977e6b221972a2acabfbe3bd7987433403d4bbc1acfdfcf5a943f155111703e6a40d8aa4ae2a6520d691332f2b715286aa68706a6cfe754059571d0d585718f4aa39f4a72bf63401a8ae3ad4eae0739c66b295f03afe552090f43c5006c894741f2e69bbf27209c566997800714ef3cedc75c7a50522f1973f5a81e41d3d6aaf984f438a8da5fd6828b3bcf6e29858e33553cc07bd3d64ddc76f5a893e80293ce4d42cd8fc69ec79cf4a85ce3bd42652644f27ad5577a74983c8aa72354940ce7d6aab3fe148ce2ab33f352d21a6d136ee7ad452300b4c2f50c8d853f8d626e7e2e7eda37935cfed1ba85af0d0dbe8da0aa9ff00a6924976d22fe0021fc6bc4e6dc32138af45fda7f525d53f693f1440ac18d9dfd9d937b795651cc011eb8981fc6b8062cadb97820e411d457d36511f764df97e478b99cfde8a473525c8964fb15ca88e4392add037b7d6ae69b0996c08e8639194fe1ffebaa5ae5ab4f6e645f9645f994f72473fad6af826f20d5aca78ff00e5aa90cea7a920609fcc563c4707f546edb34ff42b2a95eb25dd18777624671d7351476fc11ce6badd4ac8a64d642c2eac480477fad7c246a5cfa169adcfffd7f843cc6ed56459cd750b81f2ab232f3ee08a82e6eb4cd222f3afe619c703a938f415e73ac7c42bcb9dd6fa5a7d922ce3767e661eb91d3f0af94a54e527748f4dcadb9f3908cc2d246472923a1ff80b95fe957e0538f5aa37258de4dc7de95c9fc58935ab0af200e95f7f05a5cf9a9daf634a15e06ee3e95a71ae45558501da0d6a4719e3b7bd68492449cd7d35fb31ebefa1fc77f87b7bbfc98a5d605a5c37a433dacebf8664083f1af9b513b5767e14d45f44f10e83ab06310b1d5f4cba6607044705f42f373e9e586cfb5726323781d3857691fd455b4df20abcb2f15cd585d2dcc11dc47f76550e3e8e370fd0d6b248715e227ad8ed923504b532ca3359caf532b679ab449a292d5b8df9acb438ab28d8ab8b25a3550f153eec0f4acd594549e71ad045bf3076a40e7354bccc92681213f5a045fde7e86a5593bd50de7bd3f7fa500687998e09cd1e67a5520e700e31eb485c8e719a068ba651d3a1a88c84838354bcc39a6993246de0034165c321a95646031c67ad6696dc0914e590803b62b30349a4ed55da4e48ce6a9b4a77601a89a5cf39a561a64ef27154646eb48d2139ed5519f35052623bd5767c1eb4a413511524f3498c0bd44cfb86df5e3f3a97cba6050aea4f4dc33f9d62f73586c7e08fc66b8fed1fda37c6d7e4ee175e2096507b0fb3d95adaff00ed23540af6ac0f115ecbaa7c58f145e483fe660d7c039ce634d4678633f8a229ada058f3dabea72b56a4df99e1e62fdf48cfbefba48e80735c57822f534ef1c4da793b62b8ce33fedff8115dcdd2931b753c715e4a64fb1fc41b4653b7210e7db22bb330a4aa50941f54d7e073e127cb5232f33e89d4e104ed55e3bf7cfbd601815416c6d15d8df86897ee8741dbbe7d41ed5cd10ac0b2b6f43dfa60fa11dabf24848fb76ae7ffd0fc8abcbdbabd94cd73234cc7b935533da999676f97ad5a8ed88c6ee4e6bc48e876eacf3d9949bf914f1895bf2ce6b5ed972f93d052ead6eb0eaa768e1d43fe3d3fa54b66b9dc6beb68494a9c64bb1e0d58b551a36a08d71bba56bc51ee1906a8dbc79c0ed5bd6e80260715ba445c89102f5e49a8efa16bab0b9b353833db4d1ae79c17423a7d4d5f2980735091b648c9e84e31f5acebc7dc6694be247f4bdf0ab5e8bc55f0efc33e248583c7aa69165768cbd0acb023023d88e6bd2e35ed5f20fec73e206bbfd9b3c04f312ff66d3469e323276d948f6c3f48ebeaf8efd03ed7210670b80493fa715e0ba32dcf51c936cdb48f353796455217aa80fcdfa5509b567ddf2b1c7d29aa6d90d1ba0edeb520947635cabeab203c926a2fed72bd4b56ab0f27a92d9d8f99cf5a944848c66bc99bc51ab7fc2402cfc9034df28b34fbbe7f331c284eb8fc2b7d35b52092dbfe638c97fbbd8f03ae7ad7554c14e9a8b6d3babe9afdfd9f91cd4b131abcd64d72b6b556dbaabeebb3d8eec484714f0f93c0af34b8f18e8f64cc7509bc90bd952663f89db5cf5dfc61f87f63cdc5fbaffdbbdc9fe519ac7d94bb1b268f74df8ea462a412260648fcebe63d4be3ff00c3bfb330d3f594b7b8182a66b3bd68f83c86090938238c8ac5d43f68df87de6d935bead3e229375c243677215c11d8bc6a4807f84fd69ba324ae1a753ebaf3a3ee47e63fc6a36b8848c6e1f9d7c64ffb507c38b4d42e2f25d4751b8b675091dbae9b2623703960d904e6b9abafdaf3e155969af6efa86b26e99cb99ffb2e7601c9c90abbbe55c701738151ecd72b95f5e8bfabff005d0d271516aceead7d3f2d6daafbbccfba5ae23eecb8a8cdd438c6e15f9eda8fed9bf0aee350b0be82e75b5fb0e77422d8c71cf918fde061f8f158917ed85f0de0d4754bf4b6d77544d5a2113db492c49142a0329f2beeb29607939cf4f4aeaa587a128b752a72bb6d6bdddd69f76bdb4b1c8eb56e7e554f4bdaf7e96bdedeba5be67e918ba831cb81ed4f17506396c67a715f985aafeda3f0e86936fa2bf87f5d7b7b53198d96ee10f88b1b43482512374c1ce73deb366fdbefc0a7554d5e3f0eea09771a18d7cc9df6608c7291ee4ce3be28fabe1b5b547d7a7ddd7af5ede65c675b99a94125a59dfefd2dd34b6baf975fd449350b55dd971f20cb7fb3df9f4e3d6a8cbac59a2abbc8155fee9ec47b1fc6bf2acfede5e1d845e8b3f0c802fce66125cdd7cdc11ff3c1f1d7b7158b73fb7b39861b5b5f094222b65db194d4275c28c606d6b74c8381d4d6388a34945fb2936f4dd5bd76b9a619cdc97b7492d76777be9ba5d37f3d3ccfd6b93518c718355c6a51138c10719edd077eb5f92537edff00e21973e4f8722873fde70fd7fe06b59f27ede9e381992df4ab0047037c0c7afb8b8150e9d246a8fd7c4d56ce4892789bcf8a5384743b831e9c1191529bfb70ed1ee50ca40233d0b741d3bd7e354bfb77fc4931ac29a2e8e88872a11258c0e739c6f71d79a864fdba3e2bcc3e482cedb27aa856c7fdf51d44a14fb1573f6523d52dae2169edd84c8aed192a7a321c30e71d0f5aa977a8a793294c6e58ddf191d9735f8cf37edb1f1a25ff0055756b181d03db43201f4fddad509ff6b6f8f5a942146ad611472874dab6488d80003f321f4359b5493bd8b4cf01d36f86a1e29d4b51c6e17725d5ce4fadc5dc9267ff001eaef6301901c6335e57e11f2c5fdc009b23448d15473b41c900649381f535ea718f28aa4bf75fee91fa6457d16591fdc2f99e1e3ff8a56ba5c263bfd6bc5f5152de3cb4201ff5431ee37015ed978bb11b3ce05790c6ab37c43457058a2db8c7a067e6bb710ed039e8fc563e96d619add04614e186549fe55c2cd7890b96cecc7decfdd3f506bd47c6102d9e9725d373e5f6ebf957c616df10efdfc5022bb449f4f927303c4cb93b49db907ae735f9061294aa26e3d0fb9ad350b23fffd1fc894870b88f86ec7f955d88e501236b7707d7ff00af5c9d96b1776978961ae2ac05ce23993ee3fb7b1aeae52c844911c81d47a8af0e49c4f422ae8e6bc431e2e2de6fef2b27e5cd54b6e23518ea699ab6a6b7da88b4830f0db0cbb8e8646e303e82a6b75e6253eb5f51975dd08a67898b56aaec7470a918c7d2b7615d8b8fbc6b121e664403ef1fd0574401cf5c57a0727502b9eb54ef0148c383f748ad345aada9204b36663b491c545557834690f891f40fc33fda2fe307c39f07da7857c1fa8d9e9ba55bbcb24226844922b4d233bfccc7a1724818e2bb697f6b5fda266fb9e2c86d893cf956f6bd7fe076ef5f1741abde5aa2c31498453c0da0e33cf04d5c5d7ef9c733b0f6c0af11f3743d2b9f4c5cfed69fb463cd2453f8eefdb04a94fb3e9ea011e852cd5bf5ac997f695f8e373febfc63a8499f46443ff90d56be736b8f31cc8edb998e493d734ab71cf1569be84b91ef927c79f8bd3fdff176afe9f2de4cbffa0b8acc9fe2ff00c4fb8e27f166b127d6fee1bf4690d78cfda4d4c9727190306af5eac573d364f885e39b8044fe21d46e075c3dc39aaafe2df11480f99a84f26eebb9c9fd4d706972e7271b80193ed9a945c8c73405ceb25d6b5297045e5c74ff009e8c083df18238a8c6a7a9701af6773fed48c7f9935cc0b9f4cd3c5d818ec6821c8e91b50bc947efa7697fdec1fe62a2ca39f9c03f801fcb1587f6b1939fe74ab783bb8cfa0ad2c65766e29d9f71da3ff7588fe469cf2cb8f95ddbeaec7fad642dd37a1c7d0d3fcf948e8dff007c9ff0a06d978f96fcca0311ea33fce9a1616c128a7fe023fc2aa092761858ddbdf637f854c91dfb7dc8256fa237f854b6c71f32c85887450bf851950702a06b5d5f1f2da4c41ffa66d530d2f5c65dff00639b19c7dc20fe5fd6a1bf335140c9c8e68dc173bb9fa548ba36bd21c0b4933d4f007f5a95740d74702d1b246065907f36acee8a8955a745e9f9d356e53f3ad05f0b7881f8fb3edcf1cba63f426a75f066bce4fee9474c02c33fd6a1b451906e377534e59b1d0e2b717c07e2527e58a3c9e9f3313fa29ab89f0efc56c70b0073e8a1cffec949b5dc766602dc60739a53397e371c75eb597ad5a6b7a0ea3269b7fa65c6f40a41055432b0c8650fb4e0fae2b1ff00b4b52cfc9a74bc7f7a44fe86a791b5a0d33d87c13692dcc97b3c471b5d131eb81ffd7af57312c907952aec2bfcfd457cc3a0f8a7c4ba55dcd736365ba3e5a6809c9ebf7815cf6e2bddfc29e3dd17c5486153f63bc8ff00d641270c3d71ea3e95f5196b8aa3183dcf1f1b17ed1c91a372f985d26392bc67d7d0d713e0fd2e4d4be23811fcde65c5ba0fa20f31b9fa0aefb51b78d837967b6319e73d45745f057c3e6f3c4d7fae327eeec536038e3ce978fcd5467f1ac73bc4ac3e0ead57d13b7abd17e219751756bc20bb9ec3e2bd1e1d4b47bbb39091e7c4cab8ea1882062bf2dafb49bcb6d7db48646173f69f2c0c72497c035fb033445d8898020636fd2bc0fc61f0c166d75b5ed11523699b7316404a48472549e80f5afc932ccc152bc25d4fb8c5e1b9ecd1ffd2fc7bf125a25d69576ac006890c88ddc32739f6ae7adbc437375a7416163996f6540aef8c8897a163efe82abf8826d75b4e79af268ed1656118b7886e67ddc619cff415d3787f4b82c6cd02201230059bb938af2229429fbdaea76bbca5a18274397475de8c258a6004858fcc1c72187ae79cd69db150d1fb74ad4d78116b1a30dbb98fe82b0ad5b3e5e7b123f2af772aa8e7077ee7978e828cd58eb6c3e7999ffba315ba1b3d0ff5ac6d3f88f27b9cd69aba9e95eb1e717e221dd531bb1cb1ac0f116ab01536b11dcea3903b55bbbb892dedfc987fd74dd4ff00773fe02b88d71a2b0b78eca3c1967f9e46ce4ed07b9f7351524a316d9a534db43e14d5a650eb6d1a823bcbfd02d5d8edb55db965b78fbf2ccd8fd054ba3ced2d9a9c6e60318fa57bac5f0e7c3f2f87d7c41fdbd2ea1692070cb0da22cb98db64804124c65650d90adb30e3e65f94835e24ea28bb58f4d44e0b4cf01ebd796b0cb259dc969143622898afcdc8c1c1cd7416ff000abc43290134fbe7f5cc78cfe60575765aae9d38fb2db789bc5322c5196db6fe44204718e71bd8801456de8f6fe1cd62dee6ee5d77c58c96f6cd7216eaea08bcdc7dd8e3d911fde3ff00086c03eb58ba935afe85f2a399b5f831e289c02ba5dd9edf3322fe7922b6e2f819e21c012588878e4c9751ae7df1bc62a6d3d3c01aaea69a76cf11142d1acd7375a832c519652c77084349f2e3076a9ce4638cd36eed7e1bd8eaaba78f0f5fead3190c41df5cbc44dc0163946da3803278fa5275277b5ff0ff00823f666841f02ef47faf974eb6e41fdedfa0fcc06357d7e0969a847da759d0e0c75cde83fc8d4daa5bfc33d234ab7bcb7f0a41a94f22ee9219ef672b18032417dcc58e7fd914cd3358f87274c9ef750f0568d68c908920123c92ab393c876764c281ce40cfb52f6937addff5f31380f4f84de07839bbf16787e0c73cca5f15763f877f092119b8f1be8a9ea238d9f1f95675af8db4746c5bf85bc2d690994a24cf0968caaa83cb3498393902ba7f10fc43d0f4f11ffc231a4786a456456db2d8c52c80f019708e80907246323691df342753bb138aec430f863e05db8db278e6d65e791058bbff00435a7f61fd9ee0c2c9e29beb823b43a69fea94eb6f89f6e74a016db47b4d44b361adb4d8c21071b70811db2bce7279a9bc31f19f51d2ee9e6f1388ee21789fecd11d3fec8ac180115c2b8b62644072783b18f04f14bf78d5f5febe416448975fb3828f2c6a9e21bfc9c858ec0005ba67ee8fceb661baf8138dd068fe30d4f1ff003ced42e7f2ae44fc67f1bcf7eab65ad398646da915bdadbafce7eea01e4863c7d69facfc67d6ae6fe3961d5ef74f58fcb5952111842d18224e4b13f330e4007db1d68e59f9fdff00f007648eea3d53e0e85c5bfc3ff1a6a3f848b9fc00ab50eb3f0e09db6df07fc5d3fa79ed3a03f8950315e79e19f8c1e28b3b3d66e6f35abdd563fb379523ca65985a1bc9196de589a396311bfca42b302063a7af256bf13fc487510f3f88b56bd8fe5204b792ae4a1dc46d3bfae3a77e94bd9c9dd7ea3b23e858750f0f483361f042fee79e3cfbc7cfe2339ad08efeece56cfe02479ede6dcca7f527f9d7ce7e29f1cea9792d9eb87fb4ec62d654dec1fe92c96d2c1bca3f9202803632fddc9d991b87cc2ae4df11aebc5f6da678515648e4f316d2da433456cde64bf2a99a755427712006763ce07534bd94bfa6c2e8fa17fb5bc6708fddfc10d274d1d9ee2e15c7fe864d22f88fe2080a63f873e11b10718f35e3c9fc588cd7cb36de2cd5fc14756f0b6a6b2493331b3bf88ca5c6f85b385739618273b90a93eb8ac9b5d413517bdd674e9e3b23a42c57fe4bbcc6422571037924ee2183105812a31d334fd83ebfaff98cfb01bc47f17906eb6f097826c80ea4bdb0fc7fd65364f13fc7258bce8ecfc13689eab24047e60919af93b50f1a5d6b76474dd4cfdb6dcfdd124b23aac98da8fb580191d324f4e3a52e9d7f7761e18b3be8643f61bb69e16850b222490bed65751f212e72c31dbad2f62d6e3b9f52c5e29f8e578ccb6d7fe17468c80cb02472ed2dd06501c67b567dff008d7e3069f218751f18786747957ef24a52271c679062c8e3dabe449bc59a9e832cb7fa4c874f699b25615f2979e38d8c09c93fae6b91d4fc79ab6aceaf76b0c8e9b94c9b099181fe1763231600f3db9aa58572d520e63e90d7b40d6fe2df8823377e35f0e78ab56b3b390082c6779654b6460cecd0c10962a8cc32c4719f7af30f1afc32bdf074b6b6a755b0d76f6ea6580d959f98b716f2c842c2932cc130652c361e01ef5e447c437911335baac720070d0c92c2e7fd9dd1c8870d8c119c1ef5eab711782ec7c34fe2493e20695aa6a0b0ab3e8fe54cb7aedc31d934d72d2168ce761641b8a9c60106b454a70b5f625b4640f036bda66ab25bd96b9e19bdd6ed6e2481f4987594fb63c919224b65578963370bb483133a80c0fcf819aa7e29f0bcc6dc78a34347d3354b3626684aec7dc870eac98c8653c32fe355754f15ebb6d790dcdead9ebc4949edee6fad9276f9086470d950ec08073207ce06734ef0ef8def64f105dddf896e9f516d666335e5cca177bdcb009e73ed0aa370015b000000c00062bd3c156e57c93d9fe071e26175cd1dd1bda178ddf5582d355986d688fd96fa1f46fe17c7bd7ddff08748b0b6f04c17b647cd6d42696e2463fdfde576fd154002bf366e2d53c39e339ec9bf7767a98319c740c4e51bf038c57e84fecdf7ef7bf0fe6b297fd6d8ea134447600e1863f5af2b8c9cde5fbed257fc7fe01d391a8ac4faa7fa1ec2d01c92a370cf7aa3756864cb483606e981fcc5751b591f0c003ef4d6b656e5b3cf7f7afca93d4fb03fffd3fc67b951af78863b4846fb5d3ce588fba653effecd77c635b7819c007629383c6703f4aada2e876fa3d9a5bc3f33f5763d598f535a5a84f15ad9492cefe52e383fed76c0efcd7cecaa293518ec8f4945a4db382d5eeef6eeda110aa4523b95e46e0bf2963807a93d2a2d1f4ad6afa7785e0da8a4627c6c4f4c1cff004e2a1bcbc8a288c53e5391202382afd430cd634dadebb731ac50dfbcb6d180a5546142e72467f1ec6bd9c1ce6bdda479f5e317accf69b4b1f0e6972450eb1a879cc54974848c2e3a73df39a76a9ad7812c629974e336a1711e7cb5638573d8f038f7af22b26dcb9c039e49239fcfad4b3da1b90d349f747af40057adf54a92779d57f2d0e0f6f05f0c0b92ea7606e4c97324af2f0c400aaa7bf1935c9dc5c9bbbb92e08c6f3c0f451d0566c8a26b8fb4748f911e7b81d5bf13c0abf0c666708bf798803f1ac251b3b5ce94eeb63d0bc256f24ec81700c922c51ee202ef63b54b1380141e493c6057b2ea9673e97a9cba368d77793dbdb6c890c73b4c8e760dcd1b26404624e003c0e0f35cefc386f01daea0fa678e2eefb4a80430ad9dcd92cc047732330964b868ede70628e32a4a0dac7e6c1e95dd09ed4ea3756de1cd4ae35ab28a431c570a244f39401960ac91b852738ca838ae39b6e56b1b474472de1582ceff00529575849eeeca359c3451af9923108d1c4307eee65e49ec17de9b75a25ed868b25d3c1711b411a8ce5954c870a0609c9058f4f4ad9d6e09b4cb5b799239ad1ae2e1632ff326150191cf183f714807a64fad7a85cd8f877fe101d152dad20d575dd41527bab982692592d36392c970248c0479d586d8d64288067193cddec3b9e77a568f6773e179a44b49eef569af140917724515ac4b83c8600c8efc1dc0fcbd2b9fd634bbcd3de051128674909f99650028017760b003710707d2b4b57b696db538ed7cbf28087e76186c3cae154b104afca149e4e3079af43d73524f105b5adb45a0e85e0f5b77791a4b3611bce586156425dc855cb1500725867ee8a3aeaffafbc2efb185e24b2d33513a61d274dd3fc396ba769d05a4b233daa3dc4e99f32e677898b4924871f33166c0edd2b27c2cd3f87bc5969a9cb0db6a1069d762e3ca9a4296f71b23c2a3308e43b4b367ee1ceda9bc3f79ac689afcf7da7fd9ade41f688a196e915e0456448f7a091597cc1f31425481926ae2daa46924b25e413cce198088b4a5d88279da802e7b74156a2ad66c87e8579f4269567ba7bdb6264f324510f9b2b02e59829c22855e700938e2b5741be363e1ad5b419e782d13587b5134ae9248e05b1ca221042852c7a1fe2e7bd3fc2baaf89747d32ff42d2b53974683568a182f6de287ce374ab134614ed4765ff58eb84209273505ee9696c8b6cd2cbf6849937c4d6ef16d553960fe6e18363b6da7cab66ffafb82e55d4bc38f0e9b06ab14ad730c93b44930b778e12e11b2a2524866f61c81c9ad8d4b52b4d66cf45b4d52f658d344d322d36da28ad95365b407e51966218827e6638cf5aada459b6a50c7a4c32dede48b2c971f63b687cf44931b1e450a73c261598818e955b54b2852511dab48ad1a3a4a67014ee0e095d8b92a40055813d69a49eeddc0b573a5cde14d76d5d8df6972c4d0ddc4ce910b803931cd1af28412329bb861ea29d6fa3e93aadcdc4b03eadafddb8b8bb995c5b44f26d21e79098c282e59f76c41c9276af1c6ae9fa08d6e3b8d4b4fb1d635b82d10b5cdc23a4ab0c7143e693239076aa423233c05181e95cec905a47a8457a8f2a5a46f9551215946f50a184aaa086dc739007152a29e8b715e572d5b2dd78726f107877526bbb217cb1596a96b6f2c6be68b576916299b6c81d519cb2ec61824f241c556974cd23fb2e7d4ec2de7548678ada4796e72eaf3a348a163c0272aa72dd14f07ad6d2e91a747a30f10dbd85e4da7c972d64b3dccb88de754dec10ac6858a8ce79383c1e6b9eb64d32ce496e2fe16d44344300bb2106253b8828464b281c11daaacb7b3febe634dec4d15de973e9ba769dab4179a8ae9e8f0db62edd63884adbdf6c6432a07600b05c0240cd4ba968963158e9be23b53676e93346cb6d05d34972bb5892255c0d8eb8c3e1b2b90549ce4755e26f0bff605ad8fda6decd3fb4a04ba85adeedae76c4db1d56421b11c85581da46403d7d39cd2974b85edb49b9b68246b8ba8e18e798b26d3752ec5323a1c88e22df31230a9cf634928ee97f5f78ddf6b9566bcd05ef45c5c69ca649e58f7cd34d34c7323ac66491de42e7667731249da2ae5c5b69be11f145d9d2aeacbc511344f01b8b50e2d9c3b1dca81f2dc6300f756e0d4de20d18adc4fa5dddb5bd9c90349137d9981dc0f018488cc195800ca7ae319c1e2b5b4097c3dab6b5168ba92e9de19885b5c48d7d736eae8d25b2232c5842097b8dc76b1e06096ed96d46d74b415df5672c6f346bbb84d3a582d7418a62d1bcde5cb3797c03bf01b71183d72315158ea90da5a49689656d70ad33ca24750cc58f190c46707191cf19adbd674cb7d3fc49711452daea0d633a2473d990d6b279403ab424001d30f8ce39391dab6b4845f125fdcd9470c36f79f6292eed556dd5dae648f9784b0030d80db76824b0038cd44924b62afe673d65a559f8c2df57b382258ef2c2d63bdb4b644005dc64ed9d7382e64553945520161c9c5504f1148c0453db59cc1404cbc08cc36f1dfafbd6bda3ad8dcb6a1044ad2f96e8463aab9dcc30723a8c81d8d3a1ba4bdb1d64ac91437960619218d62016e2d643894eeda4f9888caca38dd93e84d2b2db942ef7b9c5cbe200a8f70d67630056653fe8b18daca48c74c67f9d57d07c4f15f6b31daeb1aa43e0db295252d7f6fa3b6a2d1baa13103696fb65903b80a4a91b41cf415a17175731e9f776b6a5238ee976cabb410df28404839ec0024738ef5e5e2ebfb3c9778f6124804f6da70ca73dd4fe7d6b3ad156d115177dd9e873d869dacc4342b4bd7d527f244f05d4b6cd69baefe63342b1392c23ee849248247606bc9648de3678e6528e84a321ea08e083f435d859f882d6e88f264114f1e195c63e565fba783d8f6ad9f145843ab58c5e2db45d8663e4df46bd1275e37fd1fd7e94519b6ad2dc9a90ea8e465bf6d5f4f8a3ba62f756406c627978d7a7d4af4fa57e837eca8f25d787f5f9f1bd6e2eed64c7a39b70aff00995cfe35f9d3e4c91309509561d0ff004afb9bf647d6a682ff0054f0d3304fb65bc77d1283d5a23b1f07d94afe35967937572dab0eaacfe49a1e5f1e4c5c25d1dff267dba6ce4923059406efcfa714e16a0aa10bc83ca9ad5484bc782738072c3d47ad49e5b8503219b15f95731f61767fffd4fcbc41d7f215cef8c223fd813dc02564b72b22fa641ee3d2ba81c1c7527b5735e29dd796f068101fdeea2e149feea21058fe55f2b87fe223d59fc2cc0d6a2b6d42e2096e62470d6d1391eec09ae7af624086de2011770c2a8c003e95d2eb6cb0eadf6645e238a3403d8038aa13405ee63247de008e2be97297ef25dd1e56397bb72ada5b1da02824e2abf8a67fb258c3a6c076c972c14ff7b69ea47ffaebad8a38e042edc0519e6bcaef2fcdfeb1717b9c887e484751bba16fc39af73112e4836799463cd22373ba6236ed55c2281fc2abc015d27876180ddbdddd03e4dac6d2b9c1e36827b027a0ec09ae7a11b41909ce3bfbd7adf827c2dacf8866b6f0f6836706ada8dfac972f05cc822885b4015a56918e4951b80daa199b3c2f523c8a93d2e7a1147d55a6fc2ed22d7c2fa2df47acdf69f7b79a7a5c5da47ab69e201a84c84b47b0abf971872a001274eb21e5abc021d67c4b65aedde83acea32cf25948f048eb2a9532a6376d785e48d873d52475f4638ae5bc42961e1bd7af7c3bac78774117b612f9521b3413c0c4aab831c8b80eb86c1381860476abfa76bb65038365a169764c2369018adc6fc2f3b4163fc44803dcd6104f7b1b2f53b7bed526874dba96265b99de3f22269332346f290aad1e4fcb2027e52411ea0d74b613e96da38b33656f71793cfbdaf65dcd3430c4c76c56e0158d04df7a56c317185f97031a5e38d21fc2f7b6da14f7706ab2b5bc177731c70a44b04cdf3ac7fbb770db46083bbf2ae3ed35d9ad6e134cb571690848f7151bbc9f365081b6e0b1555deec14ee2170a09201d16a9342bf99bbe229859d8d8c7101109ee30ed8db84863694e4f0319501b271835d236b0f7fa1e93a1dbe936f662c0126e62849babb9181f9e6976838c3709c8040350f8bd7c24fa9c10785751bbf1459476c164bbd411a3324cf9f30430cb142f1458e00752c7a935ccdbeac13565b1b8b89069f1cb6f14c88d2338539926da3cc519f2f000c8c67356aed0b4bea26b8b71f6e8ad678e4b6416edbbef2b7ef6458c107820fa1af42d7b5ef15f8b2fcea3acdb476ef93b63820fb3dbc4182e5635624aa1db90ace4024e300e2b0fc4575e1dbdd6a43e1082f2d74b648d628afd84b73900eef31833ab658f1b70318e339270f44d46d2d7c489fdaba736bd690dc4a25b01f21916389463ee9385958330230c06d3c1a7adafd45f22d59dceb5a378badb54d3dbec3a8585d2cb693a98c88a4fb2c9196cb1319ca4ac3e6c804e472063a85d3679596ef53d4103ccd99649a58e5724ff0013319b7393dc9e6b9b921d4afef24b8874f3a7c733fc905b5b343020e00544e5547193ce3393d28f0b6a57165acc72c9a5c3e27585ae965d36e999239a32e5305d7e64d8c010cb9208c0e09a724f74c13f22ef85ef355d1759fb66917a7499545c15bb50a430f3f214863b086e1c673c80474aeffc27a569bacf8cec9fc4932f88a2bdb891ef1656f2c48ec0b665756390ed9c818c93f85704747d7afaee7be96cfc93348f33aaf971469b8962154bfcaa3a0033802aff00c3ed434ab0bcd4935bf0ad9fc41173636eb6705d4891ad9cd14b2b1b880c8705df7a86c10404047358d78395392a73b36b7d34f3f96e6f84a94e9d7a752b53e78a69b8dedcc93d55fa5d697e87b278efe1f693e0ad1e04d2353bbb17bbb86f359a5237c0c850c6c9198d5a24538e41e0e09e6bc7afb4dd262d3e758ef1ef2740047b23fdd33750a480c01c0240de0e067a0acd9341f114d1f99abb88b6a1456bbba8cb3281f7570ee4fd38cd58d0756f18d9695ab78734ad460d2ec6f2682e2ea399e38fcf7480c28c8eca492b192a76e0f404e38ae5cbb0d5e85050af5fda496eec975f99eb711e6181c6e3e75f2dc2fb0a4ed6873395acb5777df71344b2d05e029acde5c0092c8cb1c72911b066e0edd922ab73c9182ddeae6a1a3e97241e6e9b05ccb691f9d23dc912488238d089b2c2354022dc0bb7f0e46ec66b0db41682ce4796ead3e44ca2c32194bb0e80145c21e38278adef0feb1e3187c3bab78420f12ffc23da1de4d70971a7344258aed2e953cd6f9626709201b5d43a86dbc8e79f41a57e6523c2bbdac43a7af8622b38209a3f3ae7628924fb43a799201cb6c036827ae01aa9ade9da54b670df43bacade712241302ceb2bc6c198076e18a118c0e99aa979a0c76f6a668752b7d465475658d23955890c39f9c0038abb61a56a7a8f87a3d16ff54834cb5b3bfb9bd86de78e472649944465574c9c344002a4601c9eb4ad14f9aeff0011ebd8996f3400b986d6cedc2a16daa24db851f31da1c7d4d50b8b6d361bab2d5753b44b68ae952e6de3566f2a444dc858852c4839daca483d38a5b8f0d436b127977eb7b2ef1feaa2748f6b7cad9790820804f6c7bd2daf87126d2ed6df57d565865b4f3512de2b789d537bee277ef5663260310d92a7818147b9bddfe21a9a8dacf877648f1585a44517700892648ce3207b67dea6921fec1bbb5d7a48a346632184f9b1b81e728dd88d0b90380790307deb0eebc276e61d96b7134fb8f9723490f94ab1b82ad860c7e6ce31ee2b4e3d26cee34db3b5d66fe54bcb28fc9923411c881c7de0818a320e87692c7dea1f274dbe63f78927f105a7966e963811c488adf2601f333b491b7a1236f1819f4ac58b5c874e699d2ca29d9e1fb3e5cf440e5c606d2382c40f407153ea5a2d83422189e48936ba3cb205036b0f9480ac70cae15873daba7d07c0cde25b61fd8961aaf8a2785920b93a6c467549c81b83048898c77258e141c938e693e44af6d07a9e5f7be30b88c3aadb5b2ee0463628e0f1d76d73b6fe31d474a8a61656d6a8b70e25759235995dc2840c438233b401f857a97887e1ed9e8d3a2f896c757f0f1943b446f21f256458c65bca2c83cd18fee641ed581a1781acbc63ab47e1ff0009586ade26d46646921b4b3fb3f9924718dcec0ca5130abcf2c09e8016201c6a4a36d168524cf3eb8f887ac44924d1c5a7c12ae36ac7670a96c827a85ec703a77af72d7bc29ae78427d24f8ab55b4f1269be2bb7fb3acd047042b15d2c5e68847917572240a18a799844dc31bb710b5e41069de05b9b896ddc6a2f342ce8f14a6342af192aeac0206565604303c8239aef7c33f0a8f8a34a5d5bc37e13babfd313cf862ba3aa5a5ac6b2dac9b1e15469e395595c8c7c811ba863cd669a8b4d446e2edab3ccef74e7d3f509ac26054c2c54161c95ec7b8e457a97c0ef1247e0ff0089ba1dfdd4eb6d612dc1b6b9694911aa5ca94c93838fde6ccf6f5c750df18786b5cb588c5afe9cfa1f8834c8627bcb199e092636d2ee114d9b79658d95c23152ac47047518af395884d1e000c8c39079041f5f6aaab055212837a34d7dfa1116e32525d0fdbd8a11b80ed9e4803a7ff5eadadbc65d4e32abdf15f2e7ecb9f15dbc59a2ff00c205e22943eb5a4c20dacae72f77629800e4f26587857f55c377c0faf92dc794580c1ce09ed83d2bf2ec4e1a787ace8d4dd7e3e67d4d2ad1a91528f53fffd5fcc509e9c563eb7a149abc705c58ce74fbfb37325bcc06707182ac3b83deab693e2ab0d4e73612ac9a65e0ce6dee17631c673b4f46fc39aebe0f9ced5e3a01e9cd7c9fbd4e5ae8cf5b4923cbc45a8dc5fbcdabc290de92ab2888e532a00047b11cd6bdc40a0c6e072b918f635bfa9e91736ba8ef936bbdc22cb1aa9cb156f95411c6d24af00fd6bd1fc7fe16b2f0bf80f4891219e3b9bad43f7b7128016765b76322aae32a90b7087a3739af7301884abd28f7ff0023cdc4d37ece6fb1f38f89af8d9e9cc919c3cbf28f7278ae02dad5a14084e7d7ea6b6f5bb9377a82e46e487f563d3f2aa8bb8f3dabdbc655bcf957438b0f0b46efa97749d3cdedf4307f0eecbfd07f8d75777a9e8764eba8ea7a6ead80e9f63bbb767b68f660ec68a421412dc90cadf303c71599a6c62db4d9a569e3b19af018a392538540460b1efc0c9fa9a865d12f750892db57f18d9bda47b362497334a8bb784db170ab81c0c74e82b81bbee74c5763534fd6fe1eb4b91a3dfcac9972f3df32479ce497f2c9dddcb16ebce4d7af49e09f10c28be271e189b46d1d2189cca0a8b60ab990190b49e6e640cac70b8202e39cd7848d1b40d36fade3b6d50ea10100dc4eb090031383e5a1e586ce99e4935e91f6bf0ddd0589f5fd46e235236a490ccea36f0a155dcaa803a00001db14a5a6b1bfe268bcceef4ab8d16de3586d74fb0445e1624de117393c202a07249fad4b653db6aba9c72db5b28bb9ae228a15554d8f2193ecb0288c704c923ed507a93ef5cfd9daf85e30d2c72dfea326d3e596f2ed955c8e090031600f241c56a787ede0d2a302533ceca22f29e19442d19886436ec6eddbf2c181041c6391446fabb0be67d1de3ff843f14fe125869ba9fc40d16d7c2e9ab4b2c166a0db4970ef028797746bb8a0404727e95e3be1c1078975a9269efecfc392e27bb17f7ae42b3a7ee5141546fde4c830a36e001c91df42e75f9f558b3abdd6b3e219230fe49d5f59bcd45222e3e668d6e2490c64f19da46ec0dd9c0ae6f47b0b7d357630fb68f2a38c798ccb8f2c1191b3fbc492688a76775a9377d59d7c97d7b697125baea6f7b1ab14f3616022907aa908adb4fe15c9596a0b7527da0a086626497cc8cb239f31d8039073f32a0cf3c9ae896f2cd1005b0b649391e63348e067819576d87ea4543a558269533c90f92f981212b72a2541e593865186c7dee7d6b48ab27ee83b772b7f684abcf9b3363b195c83f81622a037d08db945057383c0c67938aea8cb74ff00c3a5c981fc36b181c7d5475a7abc919cff00a15a1c706dedd370ff00be45526d6d1172f99c90d453aaec27ea29bfda4f21d89b643d30006fc31cd7729a85c81b46ab3b63a0300503f1dbd2ae7f6acf244564be977a1c60aaa7f219e69b9d45d3fafb8395773828d35673fe8f6770d9ef1dbc8c0fe2a95218b5cc61acaf7d7fe3da6ffe22bad1aa0cfcf3ea3c1cfee660067e8d28ab765aa497a64305f6a71f92e1097753c91b88056539201143a953c85c88e1d62d7dced1677bf4682651ff008f2015722d1fc5b71ff1eda7dcca0fb28ffd09857766e256ff0059a8ea13e3fbef8ffd9dab3a6fecf90b7da229aec93b98b5c6393dff00d5353e7a9e43e5464db7853c6d2a947d326895c1e5bca3c7b7ce4d5bf04ea7a9699aa5c45158699ab4d25ac40a6ab0aca8a609769116648c194b28ce092ca7078a9557434e7ecb22743c4ca79ffbf42b4defed9a38e0b2885ac4cc10e70c029cf38da39ce2a65cf25aff005f88ec91afe223af6b71431ea9a4699e1d8e289e2dd6d0c764b306fe2999a571238e8a46de38c13cd43f0bb51d434bf114f697b0d95bdbdfc10cf34d7f6f05c2078331381e6950370209dadb994e7b563bda1cee8d5323181b1403f5e2a58db5157c86f41d71c74ed4bd94ad60e75d8f45f16eada8f88d5ed6f2e749920803c718b216f0aac5d00db11dc57182379620f7af25f096b5e34d1756bc874ebdfb0a5ec492c925c42934524968c5029df1c8016cef5c800e4e4d6a85bedaca482adc30c8191ee7a9a89ecae89628e533eae7fc6854256b3173a21d521d52fee2e6f759b8b79e5b92cf70e258b0c58609d917038ec1714cf879e29d43c213cfa65858c1acdeeb37b15bc4679ae220d236cb68d51e19a2cc720019f72e14ee6660bd1971a33cc0618291d496eb587a8f8406a51c6971322f9520914820f23a821b2195870ca786048347b0766a5a8f9fb1db7c4af1bebba66a579f0f7c7be17d3748d534a6781a297cdb992d0b8055ed66fb54a8bb970cacbc6d2323b57cf336a96fa344d2472ded8c9065e2b8b3b836d2a46cc7003a32ba946f94e1bd0d76d7be15d40c8d3bea3625d9b71c5b40bec00ebd00007a018ae7f53d24a0dd3ac5a84bf364aac650861860620bb48381d7b807b5612a2d2d516a6735e24f0fdf781742d0bc5baa5a35ce9de2b4967d3aea3d42d6e8c8d17332dc2c67cc8e4193b83e777f789aee21f8af796ba558dae99a3f86aee386d614f3e7d2219ae248d015432cccd9761dc919c9f535e7f23dd5a992386d9601322a398ede18d9d1010a19962cb05c9c64f15552eae6d99258ade48e58c32aba615c2be372f4c61b0323149d34d6a3f68ef7b9ed565e2df117883c3da978b6faf7c2ba75af86fcaf374b531586a5796d3611dac6dd158dc8858a868cb02392a0f7c2beb186d2e965b061358deaf9b03839183c95047a678f6af317d4f5bce42cedee5941ff00d07b7b5757a6f8a7519ac5b4dd62d4b44aaa2dde20aad1bc6300f079c8fbc7a9eb4d41f2d8893bbb9dbe83a9eade17d72c7c47a0ca6c750d3a659e093a8c8eaae3f891d72ae3ba93d0e0d7ec3fc32f1d697f13fc1f6be28d300b777062bab6382d6d728079913638c03ca9eea4115f8eba7b4b7d6e1c21381c1c7e99af75f813f1427f85be3049af37b68ba915b7d4a11c855e8972a0ff001439e7bb212392003f3f9de5cb134b9a2bdf8ede7e5fe5e67760f11ece5696ccffd6fc8df1fc36d159d98c017f25d47f65206641b5817607aed03ad7a06931ccd109a61cb60f3c5719e1ad1aff0059d40f89fc4608998016d6ff00c30c7d860f73d6bd3c46dd87d3d09af94ad2514a9a7768f561d65dcfad7c17f09fc19e36f861e1df145ec1e6ea0abe7cb70f234724ee1994c6d20396552a3e5391815f3afed39e23bfb8d721d1180b2d234cb789f4c81542c78742b2c8a7ab313f2f3d31d39cd3a1f8b9e30f0d8b2d0bc2b7c2db49d1ed63b38ede78e3962674cb4aefd1896918805586540af26f8bff0012756f1d4b036b0d692dc2a140b6b0085228c905801976cb90324b1f6c56b926538da188fae5769c3571bb7757d925631c76328ce9fb0a7f1697eda1e0ecbe63b3f524e69db15991247f2509f98f603b9a9d570327a9a899991838c6548600f238e7a1eb5f46e4deacf3d2b6885d5b544be9228ad9710c0bb53d4e7a9f6cd67c7e7390023367d0127f0c0ad86d6352dc0acaabb496016340327a9c6da7c3ab6a88a163ba9502f0154e00f6e9ee6a90afa8cb3b676c99a3902776dad803dce3815e81a25978658ab5ede795f405b9fc01ae3fedda8dc644b712ca18618162411dc1f6e2afda0da79ce7f95342b9ee3610f81d146dbb96523d237c7f2ae96197c26a06c69a5e3ba1fcb9af1bd3e6200e73fd2badb6901e7b5573791763d0d6f3c368062099bf01fe34f1a8e8ca7e5b490e7dc7f8d714930fa8a945c7ad3e711d64f771ea1e569da569d25c5c5ccc8a888773b053b9805009e82b7e2f0a7c4191bf73e1abc6ef92f027e924a847e55e7d6b72f1ca258646824556daf1b1565278c860411c7a568ff69deba113dd4f30e9892691c9faee624d615675affbb6be69bfc9a3b70bf53b3fad466df4e59463f9c267a02f82be229e25d01ed17fbd35cda01ff8edc31fd2a393c0fe34cee7fec8b31ff4f1a8a47fc95c5795dc5ca3f0634939cfcca0ff003ef5135e441447128403b28000acbfda7fe7e47ff017ff00c99d2abe56b4586a8fcdd68fe4a82fccf5b5f04ebb1e5ae754f0dc207507588f8ffc83552f7c2e2daf6376d6f4c68ee10accf6923de8464195622140dc8f9781e95e562ece739000a0ddb3f539f6c534aadfde9a7f2ff82ccabd7c1ca0d51a2e2fce6a5f94227a9ff626996ff30f1559ab1ce10e9da8296c7fb45368f4e6b7f47d2bc3116916ad7be2fd3ac67652d341f67ba6712b92cc0950149c9ec715e1fe6b633dc77f4a68bc65e01c1e7934e776aca6d7c97ea998e1ab52a72e6a9494d766e497fe4b28bfc4fa023b2f87e085b9f1633fbc7632e3f0df22d29b1f856c0f99e29be1cf44d2f3f8ff00afaf9f8dec8c36b3961e99ef51fdad948c13597b29bff97b2ffc97ff00913b5e6743ece0e9fdf57ff969f44c7a77c296e0788f55b8e71c695b73f89908adeb7b6f87105bcafa5de6a1a84e8aca8b35a2c6859810a58e49db93d474af9aa1d51a3420b7e1df35d6685acdc45324c8d9dbdbd47a11dc1a3d84ef7f6b27ff0080fe9114f34a728b8ac25357eabda5d7a5ea35f7a2e4924b1ffac95b81c9dc7a8ebfad649b994b67cc73ff00023fe35675d709a84a8a7e56224503a0120dd8fc3358be70079e3b7ffaabbd3ea78cd17fce97f899b1f526a42c42e58eefc7a566fda4aa95007cd8ebdb1e94c371fddc9cf514ee234f721518e3b75eb59f7528c60f41dea26bb19c9e2a85cdd6518ae78e4d26c68782841c9ef46d233b3033ef8aa10338668dd5a320fccac0823b8e0f22aff18e4d63234463dee7923b66b18bb03d338e2b67526551827a0fd6b01df8a22b415c90485811d49f5ed52c4c3691dfd7bfd2a9f53c73d2941e7e6ce31c1aab225b3d27c317e8c3ecee4fcc31d71b4ff7bdc57a04ab048e4220863cf0012db7e8c793f8d78459dd32cc1a3e597a1e9fe715ebba06a1f6d8807c1238209fd6b9aac2cee691773fffd7fcf08608a11845aafa95f8b18773b85623e5f6f7abcd3456d134f37c8a8326bc53c57a9dc6a12b2c05c6e381cf03fc2bc3c972dfac5473a9f0c7f17dbfcceac6e2bd946d1dd997aef8a3329b0d3ff78c49cecf5ee49ae60abb00f29dcc7a9a5583ece56245c1fbd23746727b73c81f8fe1528525bbe4f02be8f1f56ed41743cfc3d356e61a0773c0aaf2292c42fe75a623da003daa0fb3b3fdd19fc2b8e1a1bbdca4b16e39ea6ad450807a6ecfe95762b590606de7d2b456cdf68f9704d68da26c548a3fae074abb02924e78abeb6129038abb1d9100647f9fce973a0b0fb266ddd315d3dbdc055e4f6ac58a2da31e95654e38a5719bc2e97077123e94f4ba5e9f4ac2f380fbd93cf5a512ee279e29dd81d95a7ef226976e416db9fa7381f9d56bcbb58ce49db8edeb53e9be526949228f9dddf79e7921b03a9c702b9ed4e646918e76f3d2a40925bf66395ca03eb559ef9107cc707dab166b853c83c01d2b0af35052cd8c93ebe9401db25d24a376e2a2a55bbb7072643c579e7f697caaac586da7c3a8a073bcb007349c0699e93f6eb4ce5a42debd6a16d4ec572a58e7fce2b806d4509f93351bdc64e467268e40b9e88ba9d9b293c0039cfad42753b6c0f2f39f515e7ff693c753835762915d01c1241e6a94047691dd17f9b3c135dd682a676055c2a8193935e73a7b44ee32bb6bd2b42b7932550673d3e94356036bc4d885ed2e07cc248766474cc67f9907f4ae6bcf0c01c92073f9d76fe21b3965f0fc12631e45d28c9e83cc52bc9ff1af3e9ed9954b29c8f635a475444b71ed748a7e6e79e87a1a8bed883904a9aa5736f34322899766e55719ee1b907f1151856c8e334340916dee5402339c8c71cd674f74191954fb63da89930bc71dba56748ac39ce47f3a1211a76f74c59a591cc8c704b31dcc7031c939271565f51ca8da73f4ff001ae7548ce5b8ec69e093f2af38e314f9513ed0b53ce672037ca3bd526dd9ce7a55a01402cc3a718f7a8e48a5c0047419cfb7ff005a9d914a57d4854819c8cf1cff00f5aacc56f25cba470a195dced455192c7d00ee696c6d2eafae23b4b48dae6799b6471afde66c1381ebc0cfd2bee7fd99fe0cf88eeefbfe122b6b69744d6741bd8e5923bdb46682f2d240ade5c570fe65b82073cc786e06eac2bd58d28f3499708393d0f27f82ff0003a4f88f7f79a16ae97fe1db8318fb1dfbc205ac72f5d93872ac0300795f9ba0039a87c53f093c6ff09f5353ae5a89ac9d888ef2dc99209369c60b8036b7fb2c030ee057ec778b351ff84674ed4aef48d24de6ac7ecf76ba542890c9a9c08ebe77d94baf933491c45c88f873f770a0835e59adfc54f840fe15bcf1bdfcf6fa9680ee609348995a3bddcdb80b59ac670932491b7cac92283191c679af2163aa49b928e874aa492b1fffd0fcc3f136a26e2436b0b6238c727b13dcd79f5d5d4308c202f3119507185cf4c8f5ad2d5276894a96cc8e42afaf3dff002ac77b758232cc7cc966fbcde82bd6a74a9e1287247689e74a72ad52efa991e486cbbfcc58f5a912119007e756fca6c71cd4f0dbfcdf31e2be7e536db933d449256123b0321071c0ef5763b1c71d3dfd735763da800ce2a5dea3bd2b8591147650c7db27d6aea4483a74155a49828e39a8d6e4e303ff00d7485746902abd78149e62019273cd5332e7814c2cc4f3c7ad3b09b2f995547e1507da08ce0e6a99f52702a266ef9c66b78c445a329e31cd4b1cbb41765dd8e71ffd7aa0091c8f9bd2ad80c50263fd61da00ebce074ad1221b3d393626976cb6ff007444b9c8c738c93f8e6b8dbcdb2ee67f940cd7717d70b6b012e0210028180301401d3b74af3bd43518a63966c75c62b1896625cab95f901c0ac59842c02b236eee41c56b3ce92120b7ca6a168e1f24b2b64f6cff004aa03356d1090e430ddce29935a32af9883083d6b6227206c2864246063a7e35bd6b6514d1f96cb9c678efcd3e6123818f6a862e0838f971eb5721796489632bbb1c038e47f8d77565e175c49291e7ed1c2915b5a6f86211b8b27cd8e07a1354da19e6c606083e53bfb8aded3ada1754fb4b79618ff0f24815e911784a3f2c4a43176ce78eb5d4e99e10d3c2aa8884bc64963dea79ac0733a3e811cf811a3139073edfd2bd2f44d1044e010783d7b56b697a30894a44362f0085aea74fb0f29889372020953b7712dfc2319e87b9ed59ce5729448f56d28ea1e1dbfb489161d96e5d0e3bc5f3e7f1c5786cc8106e5230e01c7b115f5169c1dcf912c6195c6d6fa11839f6af9aa7b416b35c591dc86de59215ddd708c5467ea315741ee899a39c9d117e5c75e6ab0eca0e01e39ad096024f19ff00035436f1b4f386efdab768cb9d22268a37dc0b95c77c122b2a60c8bc74e99f635baa9cf0a5b9fc686b70ee5615dee0723dcd344b9dce644298254678fbb9e952793c0618e31835b46c4104baf9641e71c1a516447ca8be70f6fe7419195b594e49c67af19ab127dcc01e610a783d0f1c01f53d6b405a491827d4e33ec7da956d908fddfde073cf5f7141704f73f547f676f82bfb37dc781ed2e349d62d3e2c78b755812ee5b782e05a5f402071e6c5696d2b2bc6616e19588790f538c01f6af872cbc356b6135af850186c95d63953e68e685c748a68c9578e44cf0ae15b1f74b0e2bf9e2d3e6bad3ef61d4b4e9e5d36f6d6459619e0768e68a45fbae92290cac064641e9c74afbf7e1d7ed9f796fa7347f1574db9d7f5bb2b5f2ec35fd2fca8af2e827ddb5d4e37c433c4dd379048c93b54f27c1c6e5f51be78c9cbd7fab7e5f33d3a3885cbc9b23ee1f8b7f14342f859e1596ffc4f2a5e40e7fd0ac46c324b73ced088e3820f2cca063f8957ef57e3a7c40f1c6bbf143c5975e2ed75618ee2ebcb8c2431840b1c4308b91cb900f2cc49e7ad5af889e3ef14fc58f154be27f14dc0799c04b6b4889fb359420fcb0c2a7b0fe276f99cf5f942aae0c76240c229047435be1b08a8abbf88cea55e6d16c7ffd1fc7d1bae6f04ac7788f25bd013c0f6e956a5b7791f70c2e7181e959f657714ccd6f6c7ccf2c869987a9e8b9f602b572e715d39957bb54d1cd84a7f6d91fd9bcbe588e69c02a0c29e7d695c9c824e71fd2a097760638af28ec7b0f6972703b7e14e56ce3bd67ef39c039ab5102dd093556209d8557dec0e0718ab98cf5f4a81d4e411e9fad386e04f1371ebef5275aab1ee5e4fca33d6a60f907b56a4f30adcf1eb4c53f37cbc641ed9ea29c7e6e71f95281cfb718feb5a20b9346a00e060f4ad0d26da6d475ab0b28a3699a59d1768e0900e5b9f602a8296276a65cf4c019fe55d069be1af135fc8b2585acd0f395949f280c7704906b585394bdd8abb339cd455e4ec771ad683a9dfdcc81229047920614902b8bbbf02eaee0082da4988e4f18c577569e02f16dcedfb7eaf2c00f3f24b239e7d7902ba1b6f86906e06eefefee4f7fdfb27fe827a57552c9b1325b5bd4e79e63416cefe878fdafc36f13cd20dd67240adfdf1b73f9e2aff00fc2b5d70cca86228aa718dc8307f1615ef765e06d2225c342f71b3a19ae25909cfd5aaeffc21fa1670fa6c0c09c8ce49fccf35d91e1faaf79afc4e779b534f48b3cc74af86b24307993ac4a40c1dd34391f86f35a707826188866bab38d7383be78f23f226bd187847c2cdfeb745b6c81f7bcb19fe5d6a2ff8453c2ea723488148e8c1707f3a25c3d5bfe7e2fc4166d4ff009599a9a168762a219355d36260bceeb85faf503f4ab30e99e18521a6d7f4993bb2c772aed9ff007556b41bc37e1fda3fd000231d19871f9d397c33e1c45de6d9933ce3cc622b2ff57eb7f3afebe45acd69767fd7cc72bf83a1e46af6d26303f76aec47e0054f15ff0082164c49aa6cc0cfeeed676ce3fdd5eb50af86bc372666114a0fa07231f414ff00f845b41600c724f160ff00781fe959bc8ab775f7ff00c02ffb5297f48e86dfc47e04855512fa5909e09fb24e31f5ca8a61f1a78320cb7fa6ca4755583ae3dd8815cec9e0ed3a46052f644c9c80541c5569bc0e9b09b6bd129eaa1d71927d79ace592d65d2ff343599537d4ec5fe24f812d137c71ea533e3254428067d32ce074af1bd5b5ad2f51d52ff5382ddedd6ea5f3238cb8f90ed0a4b707ae3381d09ae9e3f056a41480d14a3ddb8cfaf4a7e9df0cbc47accb2c164f6566aa06f6bbb98ad90827f85a423763b81cd63f50a94ef270668b17196cd1e513ce872db5b1e99ffeb554926b768d63861f2a4c9dd2163dfb63a57ad5f7c26d42cd643a9f887c3da685ef26a2183ffbbb10feb8ae1df40f08c77061b9f889e0fb7da4ee0da84a7047183b2063c54b4a3f12b02bcb63974008e7236fa55e51f2e4657383c1ede9f856f2e95e01b7cb4bf137c21b7d22b8bb91bf2fb32ff3aa336b3f0eacd581f1ce8b3946dbfb913b8231d41318fe559f3c7b95ece45295519327839e4f35022f94700f4ea47f2aab3f8e3e19a93e778a61da08cf97693c87f00b826a05f1b7c287381e28999707eee917473ff8f0a7740e9b371a3475cedc63faf6a7c5661b3b460f6ac01e3af862aad8f105dca07451a4dc0cfe3be83f133e1a5b70ba8ea1719ee34f9131c74e4d17ec6915a1d2aa241b83aef27ae694a166c83c13c64715c749f163e1c33009fdaf2b31fe1b78d739edf3918a27f8b5f0fad9ca241abde1e33b0da607b7cce39a5c92ec3baee77c85125475e769c7d6bb3b608c8a17bf20e3ad785b7c64f0170069bad38f42f623e9d1eadc5f1dfc3d1612d741d4ae31c0df2c2381fee1358ca94e4f4894a715bb3fffd2fc80d074f98d8c4228c4924aa24936950327a7523a5744ba36a8f9096f923a8f323fead5cc78825d334dd3d34b65df3c431bd0ed70df5f4f6ae1e3fb463728623af3cf26ba2b65f51c9bbee73c3151b2563d81340d59c10d0a263d658c7fecd4f6f0b6ad28e1ed6307fbf70a0fe80d791fdb2f6221c2007d48c9adab1d5b5b789a769043020eb8c127d07f53587d42af917f5989e89078135793adc5821ee0dcf6ff00be2abdde9da7e8ed8d4758b0b72a76e15da43ff8e8af26b9f1e7898ce61b1bc312ae41daaa7f520d72d7fa9ea3a8316bd99ae589ce4e073f801597d5ea2766cb534d5cf6d6d67c1cb90fe218811d02da5cb8fcc2e2aaff00c245e094e24d624900cffabb497f4de0579f787bc09ac6bea2645104271f331c707f9d7aee8bf0634c701afa57bc2a7e609f28fa66bba8e5756a6b15f7ff00c31cd571d4a9e8f57e461dc78a7e1e4415a2bfd4ee588cb03691a807d065fa7d6a9af8d7c1264d8a9aa5d6ee02ac70ab127b0f9dabdbacfe14783adffd65844c401c38de7f5aec74ff000cf86f483bb4ed360b73c10c235ddfcabba1924bed4ce579945ed03c97c3ba32788995a1f0f6af6d037fcb6b9b986dc63fdd28cfcfd2bd313e1d78709466fb4c7b7efa3ce1c1fa10886bb189ee5c6141524638f4ed53259dc9621808c7f116e2bd2a395d086eaefcff00c8e7a98caafad8834dd2fc3ba6aaa585b468ca319c73f893d4fe35b63518571b1546de0135516c22e86e63cfa55b8b4b88f06546f4e73cfe55e9460a2ad1563cf9b6dddea3c5fcedd30a3d853c5d4e46d1963d781560d944839951893f4a992289170245420704726b58c5f5336da208e5b80db54120fa8e2b52069c3ae4124f5c76aac86d6362ece5bdba0cfd2a76d42088a95f93d6aae8566cd5f39f6640c37439a74770aff23e3ae2b01f564de76b63b5671d40073cee19ea28e641cacef1a2b6380fb777f787069cb656d2a9552138fc7ea2b898afc3b0dc4818ec735ad15fb8230d85f5ee69730f919b6fa445b088e43b9476ff003d2aa2e97731c7bb6961fe79a41a8ee460ad8e9d7a9ab76dacb04c373b4f14349ee16914d6d5d189fbb8eb4d9adc82244738c9c9ef5acb771cff0033a86c753deaf086d277c83b40eaa39a6a9a7b06bd8e651a589b70909f6ec69fe7b9f95987d6b6e6d1f2a6480823df835877163771fcfb703a7af152e9b5aa196bed9b546ec37400802b3f50d27c3bab44d06a7a7db5e238f983c484907df19a88174e2452b50095b7ff007c63ad4adacc6afd0f3ed63e027c3ad57325ac571a1b37416b3c8aa00f44ddb3f4ae165fd98b4b57c43aa5c5c293c090fcdf98c57d0cb70188562738c0cf4ffeb55a5b865da180e3b83f95734b0941eae9a36588acb45267cc175fb2ed84b1b0835296de41fc58dc07d41cd78b78c3e0778c7c231bdf3daff6cd82f3f68b5058aafabc7cb0fc377e15fa1a27c6067249ed5616466011f0c9fdd3dc563532ea32da3666b0c6d68eeee7e515bd8c39562a195bf1cd6bad8c41788948efc57db1e3ff00835a4788249353d0766957c72cf185c4729f751d1bdc57cb7a868b7fa2dd3e9ba8c2d6d3447ee9ee3b11ea0f6af3eae1654f468e9857f69d4e2fc8881c18d548f614c689776768f4e95d24b6be72e3eeb0e87e9ebed58be5b2b947e08e3ffad5cf629dc8e2c2907683ce48c76aee3429a20f907692723a66b928a319c7b7e55d159db18c29071e8476a035b6a7ffd9ffd8ffe000104a46494600010201004800480000ffe1022e687474703a2f2f6e732e61646f62652e636f6d2f7861702f312e302f003c783a786d706d65746120786d6c6e733a783d2261646f62653a6e733a6d6574612f2220783a786d70746b3d22584d5020436f726520362e302e30223e0a2020203c7264663a52444620786d6c6e733a7264663d22687474703a2f2f7777772e77332e6f72672f313939392f30322f32322d7264662d73796e7461782d6e7323223e0a2020202020203c7264663a4465736372697074696f6e207264663a61626f75743d22220a202020202020202020202020786d6c6e733a4844524761696e4d61703d22687474703a2f2f6e732e6170706c652e636f6d2f4844524761696e4d61702f312e302f220a202020202020202020202020786d6c6e733a617064693d22687474703a2f2f6e732e6170706c652e636f6d2f706978656c64617461696e666f2f312e302f223e0a2020202020202020203c4844524761696e4d61703a4844524761696e4d617056657273696f6e3e36353533363c2f4844524761696e4d61703a4844524761696e4d617056657273696f6e3e0a2020202020202020203c617064693a417578696c69617279496d616765547970653e75726e3a636f6d3a6170706c653a70686f746f3a323032303a6175783a6864726761696e6d61703c2f617064693a417578696c69617279496d616765547970653e0a2020202020203c2f7264663a4465736372697074696f6e3e0a2020203c2f7264663a5244463e0a3c2f783a786d706d6574613e0affe201744943435f50524f46494c45000101000001646170706c021000006d6e74724752415958595a2007e000010001000000000000616373704150504c000000004150504c000000000000000000000000000000000000f6d6000100000000d32d6170706c00000000000000000000000000000000000000000000000000000000000000000000000000000000000000000000000464657363000000b400000066637072740000011c000000237774707400000140000000146b545243000001540000000e64657363000000000000000c4c696e65617220477261790000000000000000000000000000000000000000000000000000000000000000000000000000000000000000000000000000000000000000000000000000000000000000000000000000000000000000007465787400000000436f70797269676874204170706c6520496e632e2c2032303136000058595a20000000000000f6d6000100000000d32d63757276000000000000000101000000ffc0000b0800a000a001011100ffc4001f0000010501010101010100000000000000000102030405060708090a0bffc400b5100002010303020403050504040000017d01020300041105122131410613516107227114328191a1082342b1c11552d1f02433627282090a161718191a25262728292a3435363738393a434445464748494a535455565758595a636465666768696a737475767778797a838485868788898a92939495969798999aa2a3a4a5a6a7a8a9aab2b3b4b5b6b7b8b9bac2c3c4c5c6c7c8c9cad2d3d4d5d6d7d8d9dae1e2e3e4e5e6e7e8e9eaf1f2f3f4f5f6f7f8f9faffdb00430001010101010102010102030202020304030303030405040404040405060505050505050606060606060606070707070707080808080809090909090909090909ffdd00040014ffda0008010100003f00fe69e3b71579211d6ae4706eedf8d719e21f889e15f0c8649a6fb44ebff2ca2f98e7dcf415f3e78bbe346bda9c6c96f20d3ad7d10e188f77ebf962be79d5fc6bb033d8af9add4bbfea71d4d71d26a177a8289aedcbb7e9f80aacfd6b36f0636c83af4fc2a9277fad3e989ddbd6ad2f0a29dadbecb7b5b41d94b9fab7ff005ab9fe453d9c46bb4726b67c3d1fdbb528e1d9c265cfd179aebf5dd421b3b3f2a0fb921da3d88ebfae6b8092f70b88d4fd4d6438676dc4e4d7ffd0fe6f042b1a977c051c927a579f7883e2a7863400d05a37dbae17f8633f203eedd3f2cd7ce3e37f8cbaddcc27edd31b781ce04307cb9fa9ea7f4af04bef1dc9282b6716dcf76ff015c74faa4f752992e99a43db3dbe950fda95815653834c82e5a14d98cd3daf589fbbfad57966694004631502a951814e2a48c1ef4bf41fafff005a9c18ff009fff005525cb1bb93cc9f96000fc074e955becb167a7f3a7fd9a2ce7655880496cc5edf2848c12bc7151dd3cb2464ccc4e01c66b103fad4c3cb715ffd1fe37fc59f12b58d590c9ae5e79509e90a1dabf90e4fe39af0ed4be203bcad69a547b38fbefd4fd07f8d70ba85ddcddce92dcb991c93c93ed57edac6299559d8807a9c66ae3e8f167f72647f5f9718fd4d40fa44a030547dc31c62a33a6b778e5e9e9fe78a6be9b2ffcb38e4fc71fe14e1a693c796f9e3b8a8e6b648a32eca077e5c55358d64ff5673f4e6a74d3aea4fb913b7d118ff4ad08740d5e43b62b2b86fa42e7ff0065adeb4f01f8cae78b5d1ef9ff00ddb790ff00ecb5d1dbfc1ef8a771cdbf86b547cfa5ac9ffc4d6e5b7c00f8d972723c29aaa8f536ce3f9815bd6bfb347c6d95430f0edf23007ef222f3f5671dabc9fe267c39f19fc397b6b3f19593d8cb731b3c6aec8c4aa900fdc638c13debc74be0e29e0f715fffd2fe0d65b99ee2533cee5d8f52c7359976a46265ea2a47c48ebe59f5383fad7e847ecebf0abe1bf8dfe1d5beafaf698d7776b2cd1c8e24940f95cedf955d47ddc7415f5de9ff00b36fc208e0dcfe1a667c65985c48413eb80e4feb52699f01be0b898cda9f84f7b1c8da6094e71fed17e6bbcd33f674f8147fd21fc216eea54615ed0f1f8efce6bb383f67bf8342126cfc1566320ed6166bfcddc8fceba0f0cfc07f86a56499fc2d6901040517169003f55da0f1f5af41b4f841e02b7c795a1698bf4b483fac66b617e1bf8661522df4cb18c7fb16d029fcc475a90785ac205db05bc098181b6241fd055f8f4b961036b15ff778fe4695b4bba6e5a46fccff008d65dd690e07cceff89ae76eb484c1ebfa573f2e9ab106c64e4e79afc71ff82834dff17174bb1ff9e5605b1ff5d25ffec6bf3ee58f6fc87ad56e54d7ffd3fe0a901238e053da1df19c9cd52b794878d24230a0e0ff004afd65ff00827b6aab73e0fd6f456209b7bd5947b096303f9a1afd30b1450bc715b915adbdd279572a1d7d0f22b76d34ad30600853f2ae8a186148c2c6a001e95612304f15756253d055816dc542d0807a520551da958a81cd62de3a9c8ed5cc5d639ae62e40e715f869fb79ea225f8e4621f37d9ec2dd07d4b48dfd457c36c4b3166ea6a271debfffd4fe0ad3e5ca7a74fa551bab972c6243803afbd51afd19ff008278eb86dbc63ae6864f13dac5301ff5c9caff00ecf5fb09673f033deba2b697a1adeb6b8c722b6a19f77438ad784ab6315ad1283d2af08cede2a2963e2b3e404706b36e24c1233585752819ae5ef2eb19ac2918b827dabf02bf6cdbbfb77ed01adc64e7c81047f944adff00b357ca262c74a67966bfffd5fe0a1df12295ef9158e492493eb495f617ec41acae97f1ced2dddb6ade5adc427dc850e07e62bf72a29d00e0d6d5b5c8e315bb6f72beb5bf6f3823ae6b7ede6031835d05b4a0e2b5038db9350cae319ac89e5519ac59e60726b9dbb9c2e6b91be9d4743d2b026d45228d8fb57f3eff00b48df9d57e39f89aef39c5e14ffbf6a13fa578515e71517963fcff00faebffd6fe08e4e006f439aca1c8cd2d7b37ecfbac9d0be31f87b50ced5178a8df47054ff3afdf0b1d4cb46066ba4b5bfc6066b7ed6f0b608e6ba8b4ba2456f417c17bd6d41a98503d4d68ff006a29ef514ba9f1d6b31f500dc135997172769c1ae4afefd973cf15c3dfea649c66b97bcd43e4383d6bf017e285e1d47e26788afb39f3751b923e9e63579f803ccda69ac833cd7fffd7fe07d8aa0f9cfe159aa4638a756ff876f8e93af58ea40e3ecf7114b9ff0071c13fcabf7af46d716e6d5250701806fcc66bafb5d50e460d759a7ea617049aec6db58855793daadaeb11b1fbd57a3d5d57ab55afeda503ad42dae02325aab7f6d00dc9aab71aec646339ae4751d655f3835c3de6a05b3b6b9bbcbd9154b1e057e0d6b375f6dd76fef09c996e656fcdcd624adb5d5fd0d4d20ef5ffd0fe040924e4d3146054a83273521190457ecf7c35f14d9ea5e12d32f24906e9ada263f5280d7aa0f10e9d6ebb99fa50be3dd3603cc9c7bf152dafc57d01cb2fda07cac54e481c8fad6927c56f0fa0def79081fed48a3fad55b8f8ede0fb266592f626da14fcb2263e638e0e71c771d40acc9bf691f02c20f997d0a805b24ca9fc27b73ceefe1f5ae7ee7f6a4f87d14e63fed0b70036ddc678f046dddbbae719f97d73db159327ed69f0e23601b52b5c7cb9226538ddf7ba7f77f5ed5cd6a3fb60fc3e453e5dec2c707852cdceec761e9cfe95cdddfed7ff000f09f92fb77d2373fd2b024fdb07c0c0733b31c0fbb139edcf503bd733ab7ed77e159ed1e280caccca471111ce3dcd7e76097cc91a43fc6c5bf339aad3e4b0ff007aa7b97113053dfa57ffd1fe03c1cd152a74cd38f4ae86dbc65e28b4b64b4b6d4ae638a3002a2c8c1401d80a8e6f167892e3fd76a372df595ffc6a8b6afaa487e7bb98fd646ff1a88de5e37de9a43f563fe35099246fbcc4fd4d346d1fc23f2a76401d280c7b0a0b9e94d19cf14ef9c9ef4be54be86a3270706ae5b49191b3bfbd4823f32744f7ab5a8da34d878fb75affd2fe037a9e38a7018e2a543c6291df03148913ca484edc9aba96b1b600c927dc54a20b70b9c7fe3c3fc2acac36bbb69c67ddbffad52a476382c42607bb7f80ab8834f0ca088c67b90c40faf229e2e74f5524245c71cc679fcdea7fed0b245560b161fd221c7e6d4ffed484334602823eee228f9fcc1a89f591c2a67773b879710c63fe03e951b6ad927cb91c80339c20fe4b54e4d5f09feb24ddfef607e82a8af977c1e448d8c83e666ddd07af3d4d54736c4058f2093dff009d68692e5ae4a3f5c1c7e15d0b26457fffd3fe04953824d4448079a9378032ab503313c568c70916e2538f98e339e7f2a92385a5460303cb1b893ef80053b6248a7e60aca3a73cd2b36e905c0c6ecfdd03818e9ed522954c4a872cc0ee0474cf1fca937796088feeb01b81e39eb4e3b01d8d931e7233d7ebd6918f457e5403b73d87ff00ae9ed1c86530dc29f37000cf041ed918cf4fa511a349208553331718f73d318f526a20926f318186048c77f714616455f2c7cd83bb3df1ce7f2aaa5f6ba9701c0e483c7f2a8e4c3e645e3daafe8ee3fb410377c8fc715dcf95c6715fffd4fe0558e149a8481934d6e171491234920551927b0e6b427740e1553ca2bc11924feb4e2248a531c9d7a1cfbd487314ad165581c2e4608fc0ff00514f626176b72e0ab30048e471df38ce2857048859b11eeea738f4ce39352db48ace96d3b6220c5be6ce3f21cf352dccd04f36d5568e300ec5c96c1fc71d6a189a376d975bb01782304e7b0e4f4a8b3bb3e67de03839efee734d1b8e46003d4104629eacf92cc30c390463ad3556591f083e6f619a88c372d2889465cf18c73f953eda26937c4a9e6391f2ed38c60f3918e78a89035adc07c6194e706bd2ec5e2bcb75b88cf0474f43e95fffd5fe057e571ed4d1133063fddeb555ce4d4880819039eb534263c1120c63a631d7dea54392377ddcf38ad0bd934ffb6674e57f238c0948dd9c7392a00ebd3daaa924904703f9504367ef51b73c16fd297cb19c6e3fe7f1a7794a0724e6a48b3148b246d823dc1fe95289e45b817209ddf87d3d3144b713493f9e49ddeb51c72cb14a264dc181ea0e0fbe0d43733cd25cb4c8ce307e42c72c076c918e40f4a81e609266db720206724139c73ce0753fe4d39e78e50bc10c07cc49ce4fafb715b9e1ed4bec175e54a7f752f07d8f635fffd6fe0513925ba035a375716bf64d907cad81bb8ea4560d38906a48f039ab48ebfdd14fdf8e8053d5a33cc8581ff671fd6a4125b8ea18fe429a658318087fefaffeb52a4d0a9cb46587a6ec7f4a97ed70f6817f12c7fa8a7addc478f2501f5f9bfc6a9b3153814d0e7bd216269b513f5a655b89f72e0d7fffd7fe05890a2aa333b75a4287b5284f5a9294123a53bcc3fe7ffd552160066a2ded4bbda8f30ff9ff00f551e637f9ff00f55491658f3524830d4ca63b11c0a6ef205349279ab565653dfdc2dbc0092c7b0cd7613f8562b4b7d924eab3afcc73c2edfc7e9ffd6affd0fe04598b364d368a28a28a95cf18a8a8a76c34f1131ab91c58e696e171b5aaad359734cf2cff009fff005d2ec238af4df0ff0089b458516de7b68ed5d171bd4121b039c9e4827f107dab9bf10ebd2eb570561c8810fca0f53ee6bfffd1fe03e8a28a28a55193d33564c45ce769fce9c2db8e7f9fff005aa41001d00a936e3a28fccd3c07f41f9d3f74c070a054527da25c2edcfb01509b5b95fbd191f97f8d31a275fbc31f88ff001a671ea3f3a4caff00787e749b97fbc3f3a72cb1af5615ffd2fe03b81c63f2a03a67041a0c91e3e507f1a17cc6fbaa2a611484f38156162503a66a70187000152514f0e734bbc1ea297e4346c5238a690c38a69c1fbc01a88dbdb1fe0c7d2a36b381861720d67c96ef1361ba7ad42cbb6953ad7fffd9, '2025-02-11 20:50:54', 201, 'LC001502', NULL);

-- --------------------------------------------------------

--
-- Estructura de tabla para la tabla `areas`
--

CREATE TABLE `areas` (
  `id_area` int(11) NOT NULL,
  `nombre_area` varchar(100) NOT NULL,
  `id_piso` int(11) NOT NULL
) ENGINE=InnoDB DEFAULT CHARSET=utf8mb4 COLLATE=utf8mb4_general_ci;

--
-- Volcado de datos para la tabla `areas`
--

INSERT INTO `areas` (`id_area`, `nombre_area`, `id_piso`) VALUES
(1002, 'IDIME S2', 1002),
(10010, 'FARMACIA PRINCIPAL S1', 1001),
(10011, 'ALMACEN S1', 1001),
(10012, 'NUTRICION S1', 1001),
(10013, 'MANTENIMIENTO S1', 1001),
(10014, 'BIOMEDICOS S1', 1001),
(10100, 'URGENCIAS PISO 1', 1010),
(10101, 'CONSULTA EXTERNA PISO 1', 1010),
(10102, 'ADMISION URGENCIAS PISO 1', 1010),
(10103, 'RECEPCION LOBBY PISO 1', 1010),
(10104, 'MONITOREO PISO 1', 1010),
(10200, 'OBSERVACION URGENCIAS PISO 2', 1020),
(10201, 'PROGRAMACION DE CIRUGIA PISO 2', 1020),
(10202, 'ARCHIVO PISO 2', 1020),
(10203, 'RECEPCION PISO 2', 1020),
(10300, 'UNIDAD DE CUIDADOS INTENCIVOS INTERMEDI0S PISO 3', 1030),
(10301, 'RECEPCION PISO 3', 1030),
(10302, 'SISTEMAS PISO 3', 1030),
(10400, 'SALAS DE CIRUGIA PISO 4', 1040),
(10500, 'UCI PISO 5', 1050),
(10501, 'RECEPCION PISO 5', 1050),
(10600, 'HOSPITALIZACION PISO 6', 1060),
(10601, 'CONSULTA EXTERNA PISO 6', 1060),
(10700, 'HOSPITALIZACION PISO 7', 1070),
(10701, 'CONSULTA EXTERNA PISO 7', 1070),
(10800, 'HOSPITALIZACION PISO 8', 1080),
(10801, 'CONSULTA EXTERNA PISO 8', 1080),
(10900, 'HOSPITALIZACION PISO 9', 1090),
(10901, 'CONSULTA EXTERNA PISO 9', 1090),
(11000, 'AREA ADMINISTRATIVA PISO 10', 1100);

-- --------------------------------------------------------

--
-- Estructura de tabla para la tabla `areas_especificas`
--

CREATE TABLE `areas_especificas` (
  `id_area_especifica` int(11) NOT NULL,
  `area_especifica_nombre` varchar(100) NOT NULL,
  `id_area` int(11) NOT NULL
) ENGINE=InnoDB DEFAULT CHARSET=utf8mb4 COLLATE=utf8mb4_general_ci;

--
-- Volcado de datos para la tabla `areas_especificas`
--

INSERT INTO `areas_especificas` (`id_area_especifica`, `area_especifica_nombre`, `id_area`) VALUES
(100010, 'FASE 1 URGENCIAS PISO 1', 10100),
(100011, 'FASE 2 URGENCIAS PISO 1', 10100),
(100012, 'REANIMACION URGENCIAS PISO 1', 10100),
(100013, 'PROCEDIMIENTOS URGENCIAS PISO 1', 10100),
(100014, 'PASILLOS URGENCIAS PISO 1', 10100),
(100015, 'CONSULTORIO 1 URGENCIAS PISO 1', 10100),
(100016, 'CONSULTORIO 2 URGENCIAS PISO 1', 10100),
(100017, 'CONSULTORIO 1 CONSULTA EXTERNA PISO 1', 10101),
(100018, 'CONSULTORIO 2 CONSULTA EXTERNA PISO 1', 10101),
(100019, 'CONSULTORIO 3 CONSULTA EXTERNA PISO 1', 10101),
(100020, 'CONSULTORIO 4 CONSULTA EXTERNA PISO 1', 10101),
(100021, 'CONSULTORIO 5 CONSULTA EXTERNA PISO 1', 10101),
(100022, 'LINEA DE FRENTE CONSULTA EXTERNA PISO 1', 10101),
(100023, 'LINEA DE FRENTE ADMISION URGENCIAS PISO 1', 10102),
(100024, 'TRIAGE 1 ADMISION URGENCIAS PISO 1', 10102),
(100025, 'TRIAGE 2 ADMISION URGENCIAS PISO 1', 10102),
(100026, 'FASE 1 OBSERVACION URGENCIAS PISO 2', 10200),
(100027, 'FASE 2 OBSERVACION URGENCIAS PISO 2', 10200),
(100028, 'ESTAR MEDICO OBSERVACION URGENCIAS PISO 2', 10200),
(100029, 'FASE 1 UCIN PISO 3', 10300),
(100030, 'FASE 2 UCIN PISO 3', 10300),
(100031, 'ESTAR MEDICO UCIN PISO 3', 10300),
(100032, 'RECEPCION SALAS DE CIRUGIA PISO 4', 10400),
(100033, 'RECUPERACION SALAS DE CIRUGIA PISO 4', 10400),
(100034, 'CENTRAL DE ESTERILIZACION SALAS DE CIRUGIA PISO 4', 10400),
(100035, 'FARMACIA SALAS DE CIRUGIA PISO 4', 10400),
(100036, 'PASILLOS SALAS DE CIRUGIA PISO 4', 10400),
(100037, 'QUIROFANOS SALAS DE CIRUGIA PISO 4', 10400),
(100038, 'FASE 1 UCI PISO 5', 10500),
(100039, 'FASE 2 UCI PISO 5', 10500),
(100040, 'CUARTO LIMPIO UCI PISO 5', 10500),
(100041, 'FASE 1 HOSPITALIZACION PISO 6', 10600),
(100042, 'FASE 2 HOSPITALIZACION PISO 6', 10600),
(100043, 'CONSULTORIO 1 CONSULTA EXTERNA PISO 6', 10601),
(100044, 'CONSULTORIO 2 CONSULTA EXTERNA PISO 6', 10601),
(100045, 'CONSULTORIO 3 CONSULTA EXTERNA PISO 6', 10601),
(100046, 'CONSULTORIO 4 CONSULTA EXTERNA PISO 6', 10601),
(100047, 'RECEPCION CONSULTA EXTERNA PISO 6', 10601),
(100048, 'FASE 1 HOSPITALIZACION PISO 7', 10700),
(100049, 'FASE 2 HOSPITALIZACION PISO 7', 10700),
(100050, 'CONSULTORIO 1 CONSULTA EXTERNA PISO 7', 10701),
(100051, 'CONSULTORIO 2 CONSULTA EXTERNA PISO 7', 10701),
(100052, 'CONSULTORIO 3 CONSULTA EXTERNA PISO 7', 10701),
(100053, 'CONSULTORIO 4 CONSULTA EXTERNA PISO 7', 10701),
(100054, 'RECEPCION CONSULTA EXTERNA PISO 7', 10701),
(100055, 'FASE 1 HOSPITALIZACION PISO 8', 10800),
(100056, 'FASE 2 HOSPITALIZACION PISO 8', 10800),
(100057, 'CONSULTORIO 1 CONSULTA EXTERNA PISO 8', 10801),
(100058, 'CONSULTORIO 2 CONSULTA EXTERNA PISO 8', 10801),
(100059, 'CONSULTORIO 3 CONSULTA EXTERNA PISO 8', 10801),
(100060, 'CONSULTORIO 4 CONSULTA EXTERNA PISO 8', 10801),
(100061, 'RECEPCION CONSULTA EXTERNA PISO 8', 10801),
(100062, 'FASE 1 HOSPITALIZACION PISO 9', 10900),
(100063, 'FASE 2 HOSPITALIZACION PISO 9', 10900),
(100064, 'CONSULTORIO 1 CONSULTA EXTERNA PISO 9', 10901),
(100065, 'CONSULTORIO 2 CONSULTA EXTERNA PISO 9', 10901),
(100066, 'CONSULTORIO 3 CONSULTA EXTERNA PISO 9', 10901),
(100067, 'RECEPCION CONSULTA EXTERNA PISO 9', 10901),
(100068, 'SISTEMAS PISO 10', 11000),
(100069, 'CONTABILIDAD PISO 10', 11000),
(100070, 'COOR CONTABILIDAD PISO 10', 11000),
(100071, 'COOR TH PISO 10', 11000),
(100072, 'COOR FACTURACION PISO 10', 11000),
(100073, 'COOR SIAU PISO 10', 11000),
(100074, 'GESTION HUMANA 2 PISO 10', 11000),
(100075, 'CALIDAD PISO 10', 11000),
(100076, 'TESORERIA PISO 10', 11000),
(100077, 'COOR MEDICA PISO 10', 11000),
(100078, 'GERENCIA PISO 10', 11000),
(100079, 'RECEPCION GERENCIA PISO 10', 11000),
(100080, 'DIRECCION CX PISO 10', 11000),
(100081, 'NUEVA EPS PISO 10', 11000),
(100082, 'PATOLOGIA PISO 10', 11000);

-- --------------------------------------------------------

--
-- Estructura de tabla para la tabla `cambios_impresoras`
--

CREATE TABLE `cambios_impresoras` (
  `id_cambio` int(11) NOT NULL,
  `id_activo` int(11) NOT NULL,
  `tipo_cambio` enum('tóner','drum') NOT NULL,
  `fecha_cambio` datetime DEFAULT current_timestamp(),
  `id_usuario` int(11) NOT NULL
) ENGINE=InnoDB DEFAULT CHARSET=utf8mb4 COLLATE=utf8mb4_general_ci;

-- --------------------------------------------------------

--
-- Estructura de tabla para la tabla `especificaciones`
--

CREATE TABLE `especificaciones` (
  `id_especificacion` int(11) NOT NULL,
  `id_activo` int(11) NOT NULL,
  `procesador` varchar(100) DEFAULT NULL,
  `ram` varchar(50) DEFAULT NULL,
  `almacenamiento` varchar(100) DEFAULT NULL,
  `sistema_operativo` varchar(100) DEFAULT NULL,
  `software_instalado` text DEFAULT NULL,
  `nombre_dominio` varchar(100) DEFAULT NULL
) ENGINE=InnoDB DEFAULT CHARSET=utf8mb4 COLLATE=utf8mb4_general_ci;

--
-- Volcado de datos para la tabla `especificaciones`
--

INSERT INTO `especificaciones` (`id_especificacion`, `id_activo`, `procesador`, `ram`, `almacenamiento`, `sistema_operativo`, `software_instalado`, `nombre_dominio`) VALUES
(1, 9, 'intel core i3 10110u', '8GB', '256GB SSD', 'Windows 11', 'todo', 'CNLTESO004');

-- --------------------------------------------------------

--
-- Estructura de tabla para la tabla `mantenimientos`
--

CREATE TABLE `mantenimientos` (
  `id_mantenimiento` int(11) NOT NULL,
  `id_activo` int(11) NOT NULL,
  `id_usuario` int(11) NOT NULL,
  `fecha_mantenimiento` datetime DEFAULT current_timestamp(),
  `descripcion` text NOT NULL
) ENGINE=InnoDB DEFAULT CHARSET=utf8mb4 COLLATE=utf8mb4_general_ci;

-- --------------------------------------------------------

--
-- Estructura de tabla para la tabla `mantenimientos_telefonos`
--

CREATE TABLE `mantenimientos_telefonos` (
  `id_mantenimiento_telefono` int(11) NOT NULL,
  `id_activo` int(11) NOT NULL,
  `tipo_cambio` enum('cable energía','cable voz','bocina') NOT NULL,
  `imagen_mantenimiento` longblob DEFAULT NULL,
  `fecha_cambio` datetime DEFAULT current_timestamp(),
  `id_usuario` int(11) NOT NULL
) ENGINE=InnoDB DEFAULT CHARSET=utf8mb4 COLLATE=utf8mb4_general_ci;

-- --------------------------------------------------------

--
-- Estructura de tabla para la tabla `perifericos`
--

CREATE TABLE `perifericos` (
  `id_periferico` int(11) NOT NULL,
  `tipo` enum('monitor','teclado','mouse') NOT NULL,
  `placa` varchar(8) DEFAULT NULL,
  `id_activo` int(11) NOT NULL
) ENGINE=InnoDB DEFAULT CHARSET=utf8mb4 COLLATE=utf8mb4_general_ci;

-- --------------------------------------------------------

--
-- Estructura de tabla para la tabla `pisos`
--

CREATE TABLE `pisos` (
  `id_piso` int(11) NOT NULL,
  `nombre_piso` varchar(50) NOT NULL
) ENGINE=InnoDB DEFAULT CHARSET=utf8mb4 COLLATE=utf8mb4_general_ci;

--
-- Volcado de datos para la tabla `pisos`
--

INSERT INTO `pisos` (`id_piso`, `nombre_piso`) VALUES
(1001, 'S1'),
(1002, 'S2'),
(1010, 'P1'),
(1020, 'P2'),
(1030, 'P3'),
(1040, 'P4'),
(1050, 'P5'),
(1060, 'P6'),
(1070, 'P7'),
(1080, 'P8'),
(1090, 'P9'),
(1100, 'P10');

-- --------------------------------------------------------

--
-- Estructura de tabla para la tabla `reparaciones_timbres`
--

CREATE TABLE `reparaciones_timbres` (
  `id_reparacion` varchar(36) NOT NULL,
  `id_activo` int(11) NOT NULL,
  `foto_dano` longblob NOT NULL,
  `numero_solicitud` varchar(50) NOT NULL,
  `tipo_dano` enum('interno','externo') NOT NULL,
  `estado` enum('En curso','Completado') DEFAULT 'En curso',
  `diagnostico` text NOT NULL,
  `fecha_reporte` datetime DEFAULT current_timestamp(),
  `id_usuario` int(11) NOT NULL
) ENGINE=InnoDB DEFAULT CHARSET=utf8mb4 COLLATE=utf8mb4_general_ci;

-- --------------------------------------------------------

--
-- Estructura de tabla para la tabla `usuarios`
--

CREATE TABLE `usuarios` (
  `id_usuario` int(11) NOT NULL,
  `nombre` varchar(100) NOT NULL,
  `correo` varchar(100) NOT NULL,
  `contraseña` varchar(255) NOT NULL,
  `Cedula` int(11) NOT NULL,
  `Rol` varchar(100) NOT NULL,
  `tipo_usuario` enum('admin','activos','visualizador') NOT NULL
) ENGINE=InnoDB DEFAULT CHARSET=utf8mb4 COLLATE=utf8mb4_general_ci;

--
-- Volcado de datos para la tabla `usuarios`
--

INSERT INTO `usuarios` (`id_usuario`, `nombre`, `correo`, `contraseña`, `Cedula`, `Rol`, `tipo_usuario`) VALUES
(101, 'Juan Pablo Martin Corredor', 'aprendizsistemas@clinicanuevaellago.com', '12345', 1028861751, 'Auxiliar de sistemas (SENA)', 'admin'),
(201, 'Cesar Camilo Ochoa Suarez', 'cesar.ochoa@clinicanuevaellago.com', 'activos', 123456789, 'auxiliar activos', 'activos'),
(301, 'Visualizador Prueba', 'visualizador@prueba', 'visualizador', 987654321, 'prueba', 'visualizador');

--
-- Índices para tablas volcadas
--

--
-- Indices de la tabla `activos`
--
ALTER TABLE `activos`
  ADD PRIMARY KEY (`id_activo`),
  ADD KEY `id_area` (`id_area`),
  ADD KEY `id_usuario` (`id_usuario`),
  ADD KEY `fk_activos_especificos` (`id_areas_especificas`);

--
-- Indices de la tabla `areas`
--
ALTER TABLE `areas`
  ADD PRIMARY KEY (`id_area`),
  ADD KEY `id_piso` (`id_piso`);

--
-- Indices de la tabla `areas_especificas`
--
ALTER TABLE `areas_especificas`
  ADD PRIMARY KEY (`id_area_especifica`),
  ADD KEY `id_area` (`id_area`);

--
-- Indices de la tabla `cambios_impresoras`
--
ALTER TABLE `cambios_impresoras`
  ADD PRIMARY KEY (`id_cambio`),
  ADD KEY `id_activo` (`id_activo`),
  ADD KEY `id_usuario` (`id_usuario`);

--
-- Indices de la tabla `especificaciones`
--
ALTER TABLE `especificaciones`
  ADD PRIMARY KEY (`id_especificacion`),
  ADD KEY `id_activo` (`id_activo`);

--
-- Indices de la tabla `mantenimientos`
--
ALTER TABLE `mantenimientos`
  ADD PRIMARY KEY (`id_mantenimiento`),
  ADD KEY `id_activo` (`id_activo`),
  ADD KEY `id_usuario` (`id_usuario`);

--
-- Indices de la tabla `mantenimientos_telefonos`
--
ALTER TABLE `mantenimientos_telefonos`
  ADD PRIMARY KEY (`id_mantenimiento_telefono`),
  ADD KEY `id_activo` (`id_activo`),
  ADD KEY `id_usuario` (`id_usuario`);

--
-- Indices de la tabla `perifericos`
--
ALTER TABLE `perifericos`
  ADD PRIMARY KEY (`id_periferico`),
  ADD KEY `id_activo` (`id_activo`);

--
-- Indices de la tabla `pisos`
--
ALTER TABLE `pisos`
  ADD PRIMARY KEY (`id_piso`);

--
-- Indices de la tabla `reparaciones_timbres`
--
ALTER TABLE `reparaciones_timbres`
  ADD PRIMARY KEY (`id_reparacion`),
  ADD KEY `id_activo` (`id_activo`),
  ADD KEY `id_usuario` (`id_usuario`);

--
-- Indices de la tabla `usuarios`
--
ALTER TABLE `usuarios`
  ADD PRIMARY KEY (`id_usuario`),
  ADD UNIQUE KEY `correo` (`correo`);

--
-- AUTO_INCREMENT de las tablas volcadas
--

--
-- AUTO_INCREMENT de la tabla `activos`
--
ALTER TABLE `activos`
  MODIFY `id_activo` int(11) NOT NULL AUTO_INCREMENT, AUTO_INCREMENT=10;

--
-- AUTO_INCREMENT de la tabla `areas`
--
ALTER TABLE `areas`
  MODIFY `id_area` int(11) NOT NULL AUTO_INCREMENT, AUTO_INCREMENT=11001;

--
-- AUTO_INCREMENT de la tabla `areas_especificas`
--
ALTER TABLE `areas_especificas`
  MODIFY `id_area_especifica` int(11) NOT NULL AUTO_INCREMENT, AUTO_INCREMENT=100083;

--
-- AUTO_INCREMENT de la tabla `cambios_impresoras`
--
ALTER TABLE `cambios_impresoras`
  MODIFY `id_cambio` int(11) NOT NULL AUTO_INCREMENT;

--
-- AUTO_INCREMENT de la tabla `especificaciones`
--
ALTER TABLE `especificaciones`
  MODIFY `id_especificacion` int(11) NOT NULL AUTO_INCREMENT, AUTO_INCREMENT=2;

--
-- AUTO_INCREMENT de la tabla `mantenimientos`
--
ALTER TABLE `mantenimientos`
  MODIFY `id_mantenimiento` int(11) NOT NULL AUTO_INCREMENT;

--
-- AUTO_INCREMENT de la tabla `mantenimientos_telefonos`
--
ALTER TABLE `mantenimientos_telefonos`
  MODIFY `id_mantenimiento_telefono` int(11) NOT NULL AUTO_INCREMENT;

--
-- AUTO_INCREMENT de la tabla `perifericos`
--
ALTER TABLE `perifericos`
  MODIFY `id_periferico` int(11) NOT NULL AUTO_INCREMENT, AUTO_INCREMENT=3;

--
-- AUTO_INCREMENT de la tabla `pisos`
--
ALTER TABLE `pisos`
  MODIFY `id_piso` int(11) NOT NULL AUTO_INCREMENT, AUTO_INCREMENT=1101;

--
-- AUTO_INCREMENT de la tabla `usuarios`
--
ALTER TABLE `usuarios`
  MODIFY `id_usuario` int(11) NOT NULL AUTO_INCREMENT, AUTO_INCREMENT=302;

--
-- Restricciones para tablas volcadas
--

--
-- Filtros para la tabla `activos`
--
ALTER TABLE `activos`
  ADD CONSTRAINT `activos_ibfk_1` FOREIGN KEY (`id_area`) REFERENCES `areas` (`id_area`) ON DELETE CASCADE,
  ADD CONSTRAINT `activos_ibfk_2` FOREIGN KEY (`id_usuario`) REFERENCES `usuarios` (`id_usuario`) ON DELETE CASCADE,
  ADD CONSTRAINT `fk_activos_especificos` FOREIGN KEY (`id_areas_especificas`) REFERENCES `areas_especificas` (`id_area_especifica`);

--
-- Filtros para la tabla `areas`
--
ALTER TABLE `areas`
  ADD CONSTRAINT `areas_ibfk_1` FOREIGN KEY (`id_piso`) REFERENCES `pisos` (`id_piso`) ON DELETE CASCADE;

--
-- Filtros para la tabla `areas_especificas`
--
ALTER TABLE `areas_especificas`
  ADD CONSTRAINT `areas_especificas_ibfk_1` FOREIGN KEY (`id_area`) REFERENCES `areas` (`id_area`) ON DELETE CASCADE ON UPDATE CASCADE;

--
-- Filtros para la tabla `cambios_impresoras`
--
ALTER TABLE `cambios_impresoras`
  ADD CONSTRAINT `cambios_impresoras_ibfk_1` FOREIGN KEY (`id_activo`) REFERENCES `activos` (`id_activo`) ON DELETE CASCADE,
  ADD CONSTRAINT `cambios_impresoras_ibfk_2` FOREIGN KEY (`id_usuario`) REFERENCES `usuarios` (`id_usuario`) ON DELETE CASCADE;

--
-- Filtros para la tabla `especificaciones`
--
ALTER TABLE `especificaciones`
  ADD CONSTRAINT `especificaciones_ibfk_1` FOREIGN KEY (`id_activo`) REFERENCES `activos` (`id_activo`) ON DELETE CASCADE;

--
-- Filtros para la tabla `mantenimientos`
--
ALTER TABLE `mantenimientos`
  ADD CONSTRAINT `mantenimientos_ibfk_1` FOREIGN KEY (`id_activo`) REFERENCES `activos` (`id_activo`) ON DELETE CASCADE,
  ADD CONSTRAINT `mantenimientos_ibfk_2` FOREIGN KEY (`id_usuario`) REFERENCES `usuarios` (`id_usuario`) ON DELETE CASCADE;

--
-- Filtros para la tabla `mantenimientos_telefonos`
--
ALTER TABLE `mantenimientos_telefonos`
  ADD CONSTRAINT `mantenimientos_telefonos_ibfk_1` FOREIGN KEY (`id_activo`) REFERENCES `activos` (`id_activo`) ON DELETE CASCADE,
  ADD CONSTRAINT `mantenimientos_telefonos_ibfk_2` FOREIGN KEY (`id_usuario`) REFERENCES `usuarios` (`id_usuario`) ON DELETE CASCADE;

--
-- Filtros para la tabla `perifericos`
--
ALTER TABLE `perifericos`
  ADD CONSTRAINT `perifericos_ibfk_1` FOREIGN KEY (`id_activo`) REFERENCES `activos` (`id_activo`) ON DELETE CASCADE;

--
-- Filtros para la tabla `reparaciones_timbres`
--
ALTER TABLE `reparaciones_timbres`
  ADD CONSTRAINT `reparaciones_timbres_ibfk_1` FOREIGN KEY (`id_activo`) REFERENCES `activos` (`id_activo`) ON DELETE CASCADE,
  ADD CONSTRAINT `reparaciones_timbres_ibfk_2` FOREIGN KEY (`id_usuario`) REFERENCES `usuarios` (`id_usuario`) ON DELETE CASCADE;
COMMIT;

/*!40101 SET CHARACTER_SET_CLIENT=@OLD_CHARACTER_SET_CLIENT */;
/*!40101 SET CHARACTER_SET_RESULTS=@OLD_CHARACTER_SET_RESULTS */;
/*!40101 SET COLLATION_CONNECTION=@OLD_COLLATION_CONNECTION */;
